,Velocity,Braking,Acceleration_with_pitch_comp,Acceleration_measured,Pitch degrees,kk,ii,jj,hh,dd,aa,bb,cc
0,4.884499955177307,1.1599999904632567,-2.430989013693154,-2.44381718,0.07499999981373548,232,337,47,0,39,212,6,0
1,4.854736804962158,0.5263157894736842,-2.515493800429901,-2.5271246717499998,0.06799999950453639,232,337,47,0,39,212,6,0
2,4.805499958992004,0.5,-2.599972348006551,-2.6098927977499997,0.05799999982118607,232,337,47,0,39,212,6,0
3,4.77315784755506,0.45263158020220307,-2.679878258332709,-2.688002765,0.04749999959021807,232,337,47,0,39,212,6,0
4,4.722999954223633,0.4300000011920929,-2.7623966248061427,-2.76915279375,0.03949999967589975,232,337,47,0,39,212,6,0
5,4.6863157372725635,0.3789473709307219,-2.826150098580237,-2.83230761975,0.0359999998472631,232,337,47,0,39,212,6,0
6,4.633499956130981,0.3600000023841858,-2.892895748925983,-2.89879670675,0.03449999988079071,232,337,47,0,39,212,6,0
7,4.594210474114669,0.3052631616592407,-2.935333452658738,-2.94106336825,0.03349999990314245,232,337,47,0,39,212,6,0
8,4.537499952316284,0.2900000035762787,-2.9916224753953617,-2.9970103065,0.031499999854713676,232,337,47,0,39,212,6,0
9,4.493684166356137,0.23157895238775955,-3.050325524516481,-3.0551147077499996,0.02799999974668026,232,337,47,0,39,212,6,0
10,4.439999961853028,0.2200000047683716,-3.113011663979943,-3.1169456359999996,0.022999999951571225,232,337,47,0,39,212,6,0
11,4.397368380897923,0.17368421429081968,-3.1752815950012687,-3.1785313979999996,0.018999999947845937,232,337,47,0,39,212,6,0
12,4.341999959945679,0.1650000035762787,-3.217853853148484,-3.2208470927499997,0.017499999888241292,232,337,47,0,39,212,6,0
13,4.295263114728425,0.11578947619387978,-3.263650908648484,-3.2666441482499997,0.017499999888241292,232,337,47,0,39,212,6,0
14,4.230999958515167,0.1100000023841858,-3.297754108144055,-3.3009183899999996,0.01849999986588955,232,337,47,0,39,212,6,0
15,4.179473638534546,0.05789473809693989,-3.3177243345123117,-3.3213162219999997,0.020999999810010196,232,337,47,0,39,212,6,0
16,4.119999957084656,0.0550000011920929,-3.339753957387407,-3.3437734504999996,0.02349999975413084,232,337,47,0,39,212,6,0
17,4.072105206941304,0.0,-3.3564868410133184,-3.3605918552499996,0.02399999974295497,232,337,47,0,39,212,6,0
18,4.010499942302704,0.0,-3.393923153277732,-3.39785712525,0.022999999672174455,232,337,47,0,39,212,6,0
19,3.9610525808836283,0.0,-3.4149572692941708,-3.4185491567499997,0.02099999962374568,232,337,47,0,39,212,6,0
20,3.894999957084656,0.0,-3.4196884037960933,-3.423109249,0.019999999646097423,232,337,47,0,39,212,6,0
21,3.841578910225316,0.0,-3.426160792796093,-3.4295816379999997,0.019999999646097423,232,337,47,0,39,212,6,0
22,3.7799999594688414,0.0,-3.4261368502941707,-3.4297287377499996,0.02099999962374568,232,337,47,0,39,212,6,0
23,3.723157845045391,0.0,-3.422300859652426,-3.4261493104999996,0.022499999683350324,232,337,47,0,39,212,6,0
24,3.6614999532699586,0.0,-3.410104125777732,-3.41403809775,0.022999999672174455,232,337,47,0,39,212,6,0
25,3.604736804962158,0.0,-3.4084974256686174,-3.41217483425,0.02149999961256981,232,337,47,0,39,212,6,0
26,3.5424999594688416,0.0,-3.407037825296093,-3.4104586704999997,0.019999999646097423,232,337,47,0,39,212,6,0
27,3.48473680646796,0.0,-3.3963485767960933,-3.399769422,0.019999999646097423,232,337,47,0,39,212,6,0
28,3.4204999685287474,0.0,-3.384433497046093,-3.38785434225,0.019999999646097423,232,337,47,0,39,212,6,0
29,3.359473655098363,0.0,-3.371427140422448,-3.3747624645,0.019499999657273292,232,337,47,0,39,212,6,0
30,3.293999969959259,0.0,-3.361951177799057,-3.3652009807499996,0.018999999668449164,232,337,47,0,39,212,6,0
31,3.2321052425786068,0.0,-3.3461134380490574,-3.349363241,0.018999999668449164,232,337,47,0,39,212,6,0
32,3.1674999833106994,0.0,-3.326683725675914,-3.3298480075,0.018499999679625033,232,337,47,0,39,212,6,0
33,3.104210514771311,0.0,-3.3076462793030115,-3.31072504,0.017999999690800905,232,337,47,0,39,212,6,0
34,3.0409999907016756,0.0,-3.2922498388030115,-3.2953285995,0.017999999690800905,232,337,47,0,39,212,6,0
35,2.9784210418400012,0.0,-3.2732249378030116,-3.2763036985,0.017999999690800905,232,337,47,0,39,212,6,0
36,2.916499990224838,0.0,-3.2559891763079034,-3.25889689475,0.016999999713152646,232,337,47,0,39,212,6,0
37,2.8521052598953247,0.0,-3.2455200033136813,-3.2482566795,0.015999999735504387,232,337,47,0,39,212,6,0
38,2.7894999980926514,0.0,-3.2269603440702928,-3.229525978,0.01499999975785613,232,337,47,0,39,212,6,0
39,2.723684210526316,0.0,-3.2012178878202926,-3.2037835217499997,0.01499999975785613,232,337,47,0,39,212,6,0
40,2.6610000014305113,0.0,-3.179594224570293,-3.1821598585,0.01499999975785613,232,337,47,0,39,212,6,0
41,2.5973684285816394,0.0,-3.1575532045776855,-3.15994779625,0.013999999780207873,232,337,47,0,39,212,6,0
42,2.535500007867813,0.0,-3.1334892759651263,-3.13562730425,0.012499999813735485,232,337,47,0,39,212,6,0
43,2.47052632507525,0.0,-3.1164245567498923,-3.1182205004999997,0.010499999765306712,232,337,47,0,39,212,6,0
44,2.4080000102519987,0.0,-3.103491175890479,-3.1050305562499996,0.008999999798834323,232,337,47,0,39,212,6,0
45,2.3436842152946875,0.0,-3.0857160486514674,-3.08708438675,0.007999999821186066,232,337,47,0,39,212,6,0
46,2.284500002861023,0.0,-3.047813346401467,-3.0491816844999997,0.007999999821186066,232,337,47,0,39,212,6,0
47,2.222631579951236,0.0,-3.0510860287821204,-3.05236884575,0.007499999832361937,232,337,47,0,39,212,6,0
48,2.1625,0.0,-3.024693594912872,-3.02589089075,0.006999999843537807,232,337,47,0,39,212,6,0
49,2.0963157854582133,0.0,-3.028934396924641,-3.0299606504999996,0.005999999865889549,232,337,47,0,39,212,6,0
50,2.0364999949932097,0.0,-3.003056238067866,-3.00382592825,0.004499999899417162,232,337,47,0,39,212,6,0
51,1.9705263125269037,0.0,-2.998396931092955,-2.99882453675,0.0024999999441206455,232,337,47,0,39,212,6,0
52,1.9119999974966049,0.0,-2.9901832876057206,-2.9904398509999996,0.0014999999664723873,232,337,47,0,39,212,6,0
53,1.8542105241825706,0.0,-2.970067109737136,-2.970238152,0.0009999999776482583,232,337,47,0,39,212,6,0
54,1.7934999972581864,0.0,-2.951434474737136,-2.951605517,0.0009999999776482583,232,337,47,0,39,212,6,0
55,1.7305263124014203,0.0,-2.9440053632499996,-2.9440053632499996,-0.0,232,337,47,0,39,212,6,0
56,1.6724999964237213,0.0,-2.9188627031442786,-2.9186061397499996,-0.0014999999664723873,232,337,47,0,39,212,6,0
57,1.6110526323318481,0.0,-2.911482624907045,-2.91105501925,-0.0024999999441206455,232,337,47,0,39,212,6,0
58,1.5530000001192092,0.0,-2.888755139419681,-2.8881564914999998,-0.0034999999217689036,232,337,47,0,39,212,6,0
59,1.4957894682884216,0.0,-2.8725125883009337,-2.87182841925,-0.003999999910593033,232,337,47,0,39,212,6,0
60,1.439999994635582,0.0,-2.8465249658009335,-2.8458407967499997,-0.003999999910593033,232,337,47,0,39,212,6,0
61,1.3784210525060956,0.0,-2.825649346669681,-2.8250506987499997,-0.0034999999217689036,232,337,47,0,39,212,6,0
62,1.3239999994635583,0.0,-2.8005808105509336,-2.7998966414999997,-0.003999999910593033,232,337,47,0,39,212,6,0
63,1.262631577880759,0.0,-2.780206921063276,-2.77935170975,-0.004999999888241291,232,337,47,0,39,212,6,0
64,1.2029999990016222,0.0,-2.743210759825358,-2.7421845062499997,-0.005999999865889549,232,337,47,0,39,212,6,0
65,1.142105267628243,0.0,-2.6701512173253583,-2.66912496375,-0.005999999865889549,232,337,47,0,39,212,6,0
66,1.092500004544854,0.0,-2.581364546944353,-2.5804238145,-0.0054999998770654205,232,337,47,0,39,212,6,0
67,1.0342105285901773,0.0,-2.4362147298009336,-2.4355305607499997,-0.003999999910593033,232,337,47,0,39,212,6,0
68,5.716842124336644,24.678947084828426,-1.9395917484298435,-1.9164155429999998,-0.13549999939277768,232,337,47,0,39,212,6,0
69,5.678500008583069,23.444999730587007,-2.095884561058131,-2.0688599172499997,-0.15799999954178928,232,337,47,0,39,212,6,0
70,5.671052631578948,21.173684007243107,-2.238583763371222,-2.2079672475,-0.17899999963119625,232,337,47,0,39,212,6,0
71,5.625,20.114999806880952,-2.3759531836114722,-2.3425144854999997,-0.19549999916926025,232,337,47,0,39,212,6,0
72,5.612105269181101,17.668420929657785,-2.484406680064131,-2.44857340525,-0.20949999876320363,232,337,47,0,39,212,6,0
73,5.566499996185303,16.784999883174898,-2.5713117873657505,-2.53359706075,-0.22049999944865703,232,337,47,0,39,212,6,0
74,5.5489473593862435,14.178947084828428,-2.6393504868885262,-2.5994977487499997,-0.232999999076128,232,337,47,0,39,212,6,0
75,5.497499990463257,13.469999730587006,-2.707928550200735,-2.6659378025,-0.24549999833106995,232,337,47,0,39,212,6,0
76,5.474736841101396,10.69999979671679,-2.7764324858819807,-2.73213269,-0.25899999812245367,232,337,47,0,39,212,6,0
77,5.421000003814697,10.164999806880951,-2.8671735739227797,-2.82073577275,-0.2714999973773956,232,337,47,0,39,212,6,0
78,5.392631580955104,7.221052508605154,-2.944026856105658,-2.895707612,-0.28249999731779096,232,337,47,0,39,212,6,0
79,5.339000010490418,6.859999883174896,-3.0068087463757873,-2.9569501412499997,-0.29149999693036077,232,337,47,0,39,212,6,0
80,5.304210537358334,4.163157852072465,-3.0702292206272874,-3.0191733354999997,-0.2984999969601631,232,337,47,0,39,212,6,0
81,5.249500012397766,3.9549999594688416,-3.1234405375296594,-3.0717860127499996,-0.30199999660253524,232,337,47,0,39,212,6,0
82,5.208421054639314,1.1052631955397756,-3.1640514622356455,-3.1121403775,-0.30349999740719796,232,337,47,0,39,212,6,0
83,5.153500008583069,1.0500000357627868,-3.2036087483356415,-3.15161214375,-0.3039999969303608,232,337,47,0,39,212,6,0
84,5.106315788469817,0.06842105012190969,-3.2380540299011824,-3.1858863855,-0.30499999672174455,232,337,47,0,39,212,6,0
85,5.04449999332428,0.06499999761581421,-3.2757845392008322,-3.2234458549999996,-0.30599999651312826,232,337,47,0,39,212,6,0
86,4.99157893030267,0.0,-3.302678700234539,-3.25016897625,-0.306999996304512,232,337,47,0,39,212,6,0
87,4.932499980926513,0.0,-3.338877785280965,-3.28645358125,-0.30649999603629113,232,337,47,0,39,212,6,0
88,4.875263138821251,0.0,-3.3685452076414957,-3.3168051629999997,-0.3024999961256981,232,337,47,0,39,212,6,0
89,4.817499983310699,0.0,-3.383712487113179,-3.3330842019999998,-0.29599999636411667,232,337,47,0,39,212,6,0
90,4.761052621038337,0.0,-3.3847832827506457,-3.3354377979999996,-0.28849999606609344,232,337,47,0,39,212,6,0
91,4.698499989509583,0.0,-3.383230222586683,-3.33499649875,-0.281999996304512,232,337,47,0,39,212,6,0
92,4.643684211530183,0.0,-3.4039872905519486,-3.3568653282499996,-0.2754999965429306,232,337,47,0,39,212,6,0
93,4.582000005245209,0.0,-3.427895032044885,-3.3819703522499998,-0.2684999957680702,232,337,47,0,39,212,6,0
94,4.527894735336304,0.0,-3.42986212131997,-3.385647846,-0.2584999963641167,232,337,47,0,39,212,6,0
95,4.463499999046325,0.0,-3.4237398744777976,-3.38157808625,-0.24649999737739564,232,337,47,0,39,212,6,0
96,4.411052628567345,0.0,-3.4270206146336553,-3.3871678767499995,-0.2329999975860119,232,337,47,0,39,212,6,0
97,4.344999992847443,0.0,-3.407709570401387,-3.3702514055,-0.2189999982714653,232,337,47,0,39,212,6,0
98,4.287894738347907,0.0,-3.3885205318135414,-3.353285901,-0.20599999874830247,232,337,47,0,39,212,6,0
99,4.2215000033378605,0.0,-3.375373976855128,-3.3421063199999996,-0.19449999928474426,232,337,47,0,39,212,6,0
100,4.16210527169077,0.0,-3.374927032179071,-3.3436263507499997,-0.18299999907612802,232,337,47,0,39,212,6,0
101,4.093500006198883,0.0,-3.370495847350757,-3.3410766217499996,-0.17199999950826167,232,337,47,0,39,212,6,0
102,4.032105257636623,0.0,-3.3596777930556145,-3.33205450375,-0.16149999890476466,232,337,47,0,39,212,6,0
103,3.9694999933242796,0.0,-3.3516056000239227,-3.3257782477499997,-0.15099999941885472,232,337,47,0,39,212,6,0
104,3.9063157784311393,0.0,-3.342699840874844,-3.3186684265,-0.14049999993294476,232,337,47,0,39,212,6,0
105,3.843999993801117,0.0,-3.3329354243923266,-3.3105289069999997,-0.13099999986588956,232,337,47,0,39,212,6,0
106,3.7789473659113835,0.0,-3.31755612566894,-3.296603464,-0.12249999977648258,232,337,47,0,39,212,6,0
107,3.714999997615814,0.0,-3.3095922439438157,-3.2898368755,-0.11550000011920929,232,337,47,0,39,212,6,0
108,3.6500000075290076,0.0,-3.3038462548676453,-3.285031617,-0.11000000052154064,232,337,47,0,39,212,6,0
109,3.586500012874603,0.0,-3.2932208827481824,-3.27517593375,-0.1055000003427267,232,337,47,0,39,212,6,0
110,3.5252631714469507,0.0,-3.2894841078574695,-3.2720378057499997,-0.10200000070035457,232,337,47,0,39,212,6,0
111,3.4635000109672545,0.0,-3.2905525914016556,-3.2737049362499997,-0.09850000105798244,232,337,47,0,39,212,6,0
112,3.3984210742147347,0.0,-3.269886799630304,-3.2535522704999997,-0.09550000131130218,232,337,47,0,39,212,6,0
113,3.3375000238418577,0.0,-3.2509862048141707,-3.23516480175,-0.09250000156462193,232,337,47,0,39,212,6,0
114,3.275263183995297,0.0,-3.2448958335654754,-3.22967307775,-0.08900000117719173,232,337,47,0,39,212,6,0
115,3.215500020980835,0.0,-3.237310522435325,-3.222857456,-0.08450000081211329,232,337,47,0,39,212,6,0
116,3.153157911802593,0.0,-3.202033970465218,-3.1884361145,-0.07950000073760748,232,337,47,0,39,212,6,0
117,3.091500014066696,0.0,-3.184273685580513,-3.171274477,-0.07600000072270632,232,337,47,0,39,212,6,0
118,3.026842111035397,0.0,-3.1668680303160026,-3.154210906,-0.07400000058114528,232,337,47,0,39,212,6,0
119,2.9665000081062316,0.0,-3.160825543583582,-3.1484249825,-0.07250000033527612,232,337,47,0,39,212,6,0
120,2.9010526381040873,0.0,-3.1368733752057616,-3.12464385625,-0.07150000035762787,232,337,47,0,39,212,6,0
121,2.839000004529953,0.0,-3.126245705374521,-3.1141017074999997,-0.07100000027567148,232,337,47,0,39,212,6,0
122,2.7721052608991923,0.0,-3.109501424741132,-3.097528469,-0.07000000029802322,232,337,47,0,39,212,6,0
123,2.7089999973773957,0.0,-3.100491852157137,-3.0886044175,-0.06950000021606684,232,337,47,0,39,212,6,0
124,2.7089999973773957,0.0,-3.100491852157137,-3.0886044175,-0.06950000021606684,232,337,47,0,39,212,6,0
125,2.6478947401046753,0.0,-3.095588527157137,-3.0837010924999997,-0.06950000021606684,232,337,47,0,39,212,6,0
126,2.5780000030994414,0.0,-3.095759569292356,-3.0837010924999997,-0.07050000019371509,232,337,47,0,39,212,6,0
127,2.513157901011015,0.0,-3.0750424469239026,-3.062812928,-0.07150000017136335,232,337,47,0,39,212,6,0
128,2.4450000047683718,0.0,-3.0481722259239024,-3.035942707,-0.07150000017136335,232,337,47,0,39,212,6,0
129,2.377894740355642,0.0,-3.042398847874521,-3.03025485,-0.07100000027567148,232,337,47,0,39,212,6,0
130,2.3080000042915345,0.0,-3.006420987824215,-2.994362511,-0.07050000037997961,232,337,47,0,39,212,6,0
131,2.2447368471246016,0.0,-2.988879629709273,-2.976906674,-0.0700000001117587,232,337,47,0,39,212,6,0
132,2.1785000056028365,0.0,-2.954568900093419,-2.9426814654999998,-0.0694999998435378,232,337,47,0,39,212,6,0
133,2.1136842119066337,0.0,-2.9305061197266595,-2.9187042062499997,-0.06899999957531691,232,337,47,0,39,212,6,0
134,2.0485000014305115,0.0,-2.9086623810541687,-2.8970315097499997,-0.06799999941140414,232,337,47,0,39,212,6,0
135,1.9857894746880782,0.0,-2.8831411486281358,-2.8716813195,-0.06699999924749137,232,337,47,0,39,212,6,0
136,1.9230000019073485,0.0,-2.867192796998451,-2.85564744675,-0.06749999951571226,232,337,47,0,39,212,6,0
137,1.8615789538935612,0.0,-2.8387774543908604,-2.827061062,-0.06849999949336052,232,337,47,0,39,212,6,0
138,1.7980000048875808,0.0,-2.82112433591492,-2.80906585925,-0.07049999944865704,232,337,47,0,39,212,6,0
139,1.7368421084002446,0.0,-2.7986169256742865,-2.78621636475,-0.07249999940395355,232,337,47,0,39,212,6,0
140,1.6750000029802323,0.0,-2.766413477342989,-2.75375635325,-0.07399999927729368,232,337,47,0,39,212,6,0
141,1.6163157946185063,0.0,-2.7437350249612686,-2.73090685875,-0.07499999925494194,232,337,47,0,39,212,6,0
142,1.5565000042319297,0.0,-2.7132112525756398,-2.7002120442499997,-0.0759999992325902,232,337,47,0,39,212,6,0
143,1.4921052691183592,0.0,-2.681768393897274,-2.6686836645,-0.07649999931454658,232,337,47,0,39,212,6,0
144,1.4330000057816505,0.0,-2.655240257110061,-2.6418134435,-0.07849999926984311,232,337,47,0,39,212,6,0
145,1.3684210542001223,0.0,-2.604943539524867,-2.59126016275,-0.07999999932944775,232,337,47,0,39,212,6,0
146,1.3100000016391278,0.0,-2.573709359274867,-2.5600259825,-0.07999999932944775,232,337,47,0,39,212,6,0
147,1.2473684227780293,0.0,-2.5518530752422044,-2.5382552195,-0.07949999943375588,232,337,47,0,39,212,6,0
148,1.1930000014603137,0.0,-2.508029895208506,-2.4945175605,-0.078999999538064,232,337,47,0,39,212,6,0
149,1.1305263113034398,0.0,-2.4101481312556863,-2.39689235975,-0.07749999929219484,232,337,47,0,39,212,6,0
150,1.0764999957755208,0.0,-2.3423488404294095,-2.32952067425,-0.07499999906867742,232,337,47,0,39,212,6,0
151,3.228499972820282,0.824999988079071,-2.4454788259358033,-2.454800628,-0.05449999962002039,232,337,47,0,39,212,6,0
152,3.1421052405708716,0.5210526240499396,-2.445170932674205,-2.45406512925,-0.051999999582767485,232,337,47,0,39,212,6,0
153,3.0889999747276304,0.4949999928474426,-2.456251298814413,-2.4648034109999997,-0.04999999962747097,232,337,47,0,39,212,6,0
154,3.003157879176893,0.17368420801664652,-2.4555397425134515,-2.4639208124999996,-0.04899999964982271,232,337,47,0,39,212,6,0
155,2.9519999861717223,0.16499999761581421,-2.468030675863931,-2.4763262247499997,-0.048499999660998584,232,337,47,0,39,212,6,0
156,2.8763157819446765,0.0,-2.467785509613931,-2.4760810584999997,-0.048499999660998584,232,337,47,0,39,212,6,0
157,2.826499992609024,0.0,-2.4810849174350644,-2.489123903,-0.046999999601393935,232,337,47,0,39,212,6,0
158,2.7563157897246513,0.0,-2.4801521373505433,-2.4878490385,-0.044999999646097424,232,337,47,0,39,212,6,0
159,2.707499998807907,0.0,-2.4793174237754,-2.4866722405,-0.04299999969080091,232,337,47,0,39,212,6,0
160,2.64578946640617,0.0,-2.4704788933830306,-2.4777481889999997,-0.04249999970197678,232,337,47,0,39,212,6,0
161,2.5979999959468842,0.0,-2.4761542049912153,-2.4833379795,-0.041999999713152644,232,337,47,0,39,212,6,0
162,2.546842104510257,0.0,-2.481718904709219,-2.488731637,-0.04099999973550439,232,337,47,0,39,212,6,0
163,2.5014999985694883,0.0,-2.4706362419175116,-2.47730688975,-0.03899999968707561,232,337,47,0,39,212,6,0
164,2.4584210546393144,0.0,-2.466663400368003,-2.4729919637499997,-0.0369999997317791,232,337,47,0,39,212,6,0
165,2.408500003814697,0.0,-2.4704378123421353,-2.47642429125,-0.034999999683350325,232,337,47,0,39,212,6,0
166,2.3636842150437203,0.0,-2.4619539118235614,-2.4675983062499998,-0.03299999963492155,232,337,47,0,39,212,6,0
167,2.3150000035762788,0.0,-2.4575397710618656,-2.462842081,-0.030999999586492778,232,337,47,0,39,212,6,0
168,2.2684210538864136,0.0,-2.4507355464204092,-2.455781293,-0.029499999620020388,232,337,47,0,39,212,6,0
169,2.219999998807907,0.0,-2.4503546775483405,-2.45514386075,-0.027999999560415746,232,337,47,0,39,212,6,0
170,2.175263160153439,0.0,-2.4312795950360853,-2.43572669375,-0.02599999960511923,232,337,47,0,39,212,6,0
171,2.126500004529953,0.0,-2.420356577421402,-2.42454711275,-0.024499999545514583,232,337,47,0,39,212,6,0
172,2.0800000052703056,0.0,-2.3995288433095907,-2.4034628152499997,-0.022999999485909937,232,337,47,0,39,212,6,0
173,2.0320000052452087,0.0,-2.387478060934547,-2.3911554695,-0.02149999951943755,232,337,47,0,39,212,6,0
174,1.9842105288254588,0.0,-2.389695954312023,-2.3931167995,-0.019999999552965164,232,337,47,0,39,212,6,0
175,1.937000000476837,0.0,-2.3590250823149868,-2.3622748852499997,-0.018999999575316905,232,337,47,0,39,212,6,0
176,1.8873684155313593,0.0,-2.3643081279418436,-2.36747240975,-0.018499999586492778,232,337,47,0,39,212,6,0
177,1.8404999941587448,0.0,-2.348310743068941,-2.35138950375,-0.017999999597668646,232,337,47,0,39,212,6,0
178,1.7936842033737583,0.0,-2.352146733701615,-2.354968931,-0.01649999963119626,232,337,47,0,39,212,6,0
179,1.7474999934434892,0.0,-2.325030198214824,-2.3275103109999997,-0.014499999675899744,232,337,47,0,39,212,6,0
180,1.6957894657787524,0.0,-2.3251396618517375,-2.32736321125,-0.012999999709427357,232,337,47,0,39,212,6,0
181,1.6509999930858612,0.0,-2.304778317731056,-2.306916346,-0.012499999720603228,232,337,47,0,39,212,6,0
182,1.6021052598953247,0.0,-2.284858272860537,-2.28691078,-0.011999999731779098,232,337,47,0,39,212,6,0
183,1.552999997138977,0.0,-2.2866599577401745,-2.2886269437499998,-0.011499999742954969,232,337,47,0,39,212,6,0
184,1.5042105223003186,0.0,-2.2857032352498927,-2.287499179,-0.010499999765306712,232,337,47,0,39,212,6,0
185,1.4579999953508378,0.0,-2.2610999408904795,-2.26263932125,-0.008999999798834323,232,337,47,0,39,212,6,0
186,1.4100000011293512,0.0,-2.238984796912872,-2.24018209275,-0.006999999843537807,232,337,47,0,39,212,6,0
187,1.3650000005960465,0.0,-2.2111088201746414,-2.21213507375,-0.005999999865889549,232,337,47,0,39,212,6,0
188,1.3184210532589962,0.0,-2.1986783171867237,-2.1995335285,-0.004999999888241291,232,337,47,0,39,212,6,0
189,1.2745000004768372,0.0,-2.175754698699066,-2.17643886775,-0.003999999910593033,232,337,47,0,39,212,6,0
190,1.2278947328266345,0.0,-2.164059694461617,-2.1645728212499997,-0.0029999999329447745,232,337,47,0,39,212,6,0
191,1.182999996840954,0.0,-2.1503543269743246,-2.1506964115,-0.0019999999552965165,232,337,47,0,39,212,6,0
192,1.1357894743743695,0.0,-2.1397255088685645,-2.1398110299999997,-0.0004999999888241291,232,337,47,0,39,212,6,0
193,1.0930000007152558,0.0,-2.120577450631435,-2.1204919295,0.0004999999888241291,232,337,47,0,39,212,6,0
194,1.0463157892227173,0.0,-2.0873203617628637,-2.0871493195,0.0009999999776482583,232,337,47,0,39,212,6,0
195,1.0079999998211862,0.0,-2.0893797582628637,-2.089208716,0.0009999999776482583,232,337,47,0,39,212,6,0
196,0.9621052632206365,0.0,-2.046793806525675,-2.046451722,0.0019999999552965165,232,337,47,0,39,212,6,0
197,0.9165000000968575,0.0,-2.0370601322883823,-2.0365470054999997,0.0029999999329447745,232,337,47,0,39,212,6,0
198,0.8710526331867042,0.0,-2.0135481148009338,-2.01286394575,0.003999999910593033,232,337,47,0,39,212,6,0
199,0.8325000016018749,0.0,-1.979886214563276,-1.9790310032499998,0.004999999888241291,232,337,47,0,39,212,6,0
200,0.7873684197272125,0.0,-1.8905099969562853,-1.8893982222499999,0.0064999998547136785,232,337,47,0,39,212,6,0
201,0.7539999986067414,0.0,-1.835395475729082,-1.8339416165,0.008499999810010195,232,337,47,0,39,212,6,0
202,0.7073684203389444,0.0,-1.7464354666459672,-1.7445540017499999,0.010999999847263098,232,337,47,0,39,212,6,0
203,2.814736818012438,0.0,-2.3246299795862586,-2.3283929094999998,-0.022000000812113285,232,337,47,0,39,212,6,0
204,2.767999976873398,0.0,-2.313423096854164,-2.32000822375,-0.03850000072270632,232,337,47,0,39,212,6,0
205,2.724736822278876,0.0,-2.307756971918187,-2.31716429525,-0.05500000063329935,232,337,47,0,39,212,6,0
206,2.6799999833106996,0.0,-2.304077268666418,-2.31647782975,-0.07250000033527612,232,337,47,0,39,212,6,0
207,2.6347368265453137,0.0,-2.3078996538214858,-2.3232934515,-0.0900000000372529,232,337,47,0,39,212,6,0
208,2.5899999856948854,0.0,-2.293407547095377,-2.311623538,-0.10649999994784594,232,337,47,0,39,212,6,0
209,2.5442105092500387,0.0,-2.288377710130194,-2.309073809,-0.12099999990314245,232,337,47,0,39,212,6,0
210,2.4999999821186067,0.0,-2.2724613438396193,-2.2952954657499998,-0.1334999998100102,232,337,47,0,39,212,6,0
211,2.4563157746666358,0.0,-2.261154104167728,-2.286126248,-0.14599999953061343,232,337,47,0,39,212,6,0
212,2.410499984025955,0.0,-2.2466836462491617,-2.2736227692499997,-0.15749999955296518,232,337,47,0,39,212,6,0
213,2.3663157726589,0.0,-2.239862376320279,-2.2687684775,-0.16900000013411046,232,337,47,0,39,212,6,0
214,2.3224999845027923,0.0,-2.23042979953006,-2.261217357,-0.18000000063329935,232,337,47,0,39,212,6,0
215,2.276315770651165,0.0,-2.2168909767992733,-2.2496455099999997,-0.1915000006556511,232,337,47,0,39,212,6,0
216,2.2334999799728394,0.0,-2.2204887010826333,-2.2550391674999997,-0.20200000070035457,232,337,47,0,39,212,6,0
217,2.1873684054926823,0.0,-2.2093023264002225,-2.24547768375,-0.2115000005811453,232,337,47,0,39,212,6,0
218,2.1444999873638153,0.0,-2.19611698466323,-2.2336606705,-0.21950000077486037,232,337,47,0,39,212,6,0
219,2.0999999861968193,0.0,-2.192393910138364,-2.23096384175,-0.2255000002682209,232,337,47,0,39,212,6,0
220,2.0569999873638154,0.0,-2.1772335427691245,-2.21674419925,-0.23099999949336053,232,337,47,0,39,212,6,0
221,2.0115789300517033,0.0,-2.174135355263963,-2.21458673625,-0.23649999871850014,232,337,47,0,39,212,6,0
222,1.969499981403351,0.0,-2.1679845604220813,-2.20929114525,-0.24149999842047692,232,337,47,0,39,212,6,0
223,1.9268420871935392,0.0,-2.144561515784131,-2.1866377837499997,-0.2459999978542328,232,337,47,0,39,212,6,0
224,1.8874999821186065,0.0,-2.1339965775011076,-2.1765859675,-0.24899999797344208,232,337,47,0,39,212,6,0
225,1.8426315596229152,0.0,-2.124252658438533,-2.1672696499999997,-0.25149999782443044,232,337,47,0,39,212,6,0
226,1.8009999811649322,0.0,-2.0985113536709394,-2.1418704264999997,-0.253499998152256,232,337,47,0,39,212,6,0
227,1.7584210383264642,0.0,-2.0962079424561777,-2.1399090965,-0.25549999848008154,232,337,47,0,39,212,6,0
228,1.7174999862909317,0.0,-2.0708463576118867,-2.1148040724999997,-0.2569999985396862,232,337,47,0,39,212,6,0
229,1.6742105138929266,0.0,-2.071116616358232,-2.11524537175,-0.25799999833106996,232,337,47,0,39,212,6,0
230,1.6344999879598618,0.0,-2.045252152868019,-2.08955194875,-0.25899999812245367,232,337,47,0,39,212,6,0
231,1.591578932184922,0.0,-2.044173421368019,-2.08847321725,-0.25899999812245367,232,337,47,0,39,212,6,0
232,1.5509999841451645,0.0,-2.0251234278582317,-2.0692521832499997,-0.25799999833106996,232,337,47,0,39,212,6,0
233,1.5099999873261702,0.0,-1.994881307309892,-2.03875350175,-0.25649999752640723,232,337,47,0,39,212,6,0
234,1.4729999870061874,0.0,-1.9734651717916216,-2.01708080525,-0.25499999672174456,232,337,47,0,39,212,6,0
235,1.4284210424674184,0.0,-1.9635467574893108,-2.0067347895,-0.25249999687075614,232,337,47,0,39,212,6,0
236,1.3899999916553498,0.0,-1.9403768196359763,-1.9830517297499999,-0.24949999675154685,232,337,47,0,39,212,6,0
237,1.3473684097591199,0.0,-1.9248560688996372,-1.9670178569999999,-0.24649999663233757,232,337,47,0,39,212,6,0
238,1.3074999898672104,0.0,-1.9009141453735665,-1.9426483317499998,-0.24399999678134918,232,337,47,0,39,212,6,0
239,1.2657894680374546,0.0,-1.8668474313441668,-1.9083250567499999,-0.2424999974668026,232,337,47,0,39,212,6,0
240,1.2279999941587447,0.0,-1.8436045195174486,-1.8847400634999998,-0.24049999788403512,232,337,47,0,39,212,6,0
241,1.1863157843288623,0.0,-1.814477617740853,-1.8552710802499999,-0.2384999983012676,232,337,47,0,39,212,6,0
242,1.148499995470047,0.0,-1.786613034466176,-1.8269788949999999,-0.23599999845027925,232,337,47,0,39,212,6,0
243,1.1099999954825954,0.0,-1.7632104770183497,-1.8031487355,-0.23349999859929085,232,337,47,0,39,212,6,0
244,1.0744999960064887,0.0,-1.73907242089656,-1.77858307725,-0.23099999874830246,232,337,47,0,39,212,6,0
245,1.0347368356428648,0.0,-1.701658900229789,-1.7408274747499999,-0.2289999984204769,232,337,47,0,39,212,6,0
246,0.9994999945163727,0.0,-1.6828289813607438,-1.7216554739999999,-0.22699999809265137,232,337,47,0,39,212,6,0
247,0.9605263095153006,0.0,-1.6353146112890073,-1.6737990219999999,-0.22499999776482582,232,337,47,0,39,212,6,0
248,0.9259999945759774,0.0,-1.6186296094196537,-1.65668641775,-0.22249999791383743,232,337,47,0,39,212,6,0
249,0.8873684170999026,0.0,-1.5793528253254028,-1.61706755175,-0.22049999833106995,232,337,47,0,39,212,6,0
250,0.8564999967813491,0.0,-1.5628274692771065,-1.60020011375,-0.21849999874830245,232,337,47,0,39,212,6,0
251,0.8205263144091556,0.0,-1.5171273295243473,-1.5541578919999999,-0.21649999916553497,232,337,47,0,39,212,6,0
252,0.7874999985098838,0.0,-1.487326508865629,-1.52410050975,-0.21499999910593032,232,337,47,0,39,212,6,0
253,0.7505263137189966,0.0,-1.4690724432812095,-1.5054188414999998,-0.21249999925494195,232,337,47,0,39,212,6,0
254,0.7194999977946281,0.0,-1.4486609147659888,-1.48457971025,-0.20999999940395356,232,337,47,0,39,212,6,0
255,0.6826315788846267,0.0,-1.4083544328295492,-1.443931146,-0.207999999076128,232,337,47,0,39,212,6,0
256,0.6524999998509884,0.0,-1.3680969840590231,-1.403331615,-0.2059999994933605,232,337,47,0,39,212,6,0
257,0.6168421028476012,0.0,-1.3111191970814295,-1.34601174575,-0.20399999991059303,232,337,47,0,39,212,6,0
258,0.590999997779727,0.0,-1.2463816107953938,-1.2808465565,-0.20150000005960464,232,337,47,0,39,212,6,0
259,0.5568421024240946,0.0,-1.177340494199367,-1.211121275,-0.19750000014901162,232,337,47,0,39,212,6,0
260,0.5329999972134829,0.0,-1.0994859385777285,-1.132668075,-0.1940000005066395,232,337,47,0,39,212,6,0
261,0.4994736835360527,0.0,-1.023298513579911,-1.0558820055,-0.19050000086426735,232,337,47,0,39,212,6,0
262,0.47649999931454656,0.0,-0.9593944928885323,-0.9915503815,-0.18800000101327896,232,337,47,0,39,212,6,0
263,2.0173684421338534,0.0,-2.57488624500104,-2.5648802742499996,0.05849999934434891,232,337,47,0,39,212,6,0
264,1.968000018596649,0.0,-2.5924663876845435,-2.5829735434999996,0.05549999922513962,232,337,47,0,39,212,6,0
265,1.9189473829771344,0.0,-2.5878458651733074,-2.5786095842499996,0.053999999351799485,232,337,47,0,39,212,6,0
266,1.8690000146627426,0.0,-2.5871480026557405,-2.578168285,0.05249999947845936,232,337,47,0,39,212,6,0
267,1.817368441506436,0.0,-2.589146968882019,-2.5804238144999996,0.05099999960511923,232,337,47,0,39,212,6,0
268,1.7665000200271606,0.0,-2.5763504389865477,-2.5679693689999996,0.04899999964982271,232,337,47,0,39,212,6,0
269,1.714736863186485,0.0,-2.5828604641672905,-2.5747359574999997,0.04749999959021807,232,337,47,0,39,212,6,0
270,1.6640000194311142,0.0,-2.5801396929619673,-2.5721862284999997,0.04649999961256981,232,337,47,0,39,212,6,0
271,1.6126315938799005,0.0,-2.561286982504222,-2.55350456025,0.04549999963492155,232,337,47,0,39,212,6,0
272,1.5640000134706498,0.0,-2.555035817294105,-2.5474244372499997,0.04449999965727329,232,337,47,0,39,212,6,0
273,1.5152631715724343,0.0,-2.549752771672245,-2.54222691275,0.0439999995753169,232,337,47,0,39,212,6,0
274,1.4640000134706497,0.0,-2.543832293799811,-2.5363919559999997,0.04349999949336052,232,337,47,0,39,212,6,0
275,1.4126315901153965,0.0,-2.533829510799811,-2.5263891729999997,0.04349999949336052,232,337,47,0,39,212,6,0
276,1.3635000109672546,0.0,-2.53938281344274,-2.5320279967499997,0.04299999950453639,232,337,47,0,39,212,6,0
277,1.3136842250823975,0.0,-2.49804778369274,-2.4906929669999998,0.04299999950453639,232,337,47,0,39,212,6,0
278,1.2635000139474868,0.0,-2.5067027264609956,-2.499518952,0.041999999433755875,232,337,47,0,39,212,6,0
279,1.2147368537752252,0.0,-2.4926552744929924,-2.48564254225,0.04099999945610762,232,337,47,0,39,212,6,0
280,1.1660000108182431,0.0,-2.4859012313672566,-2.47897402025,0.04049999937415123,232,337,47,0,39,212,6,0
281,1.115263163259155,0.0,-2.4730670652569233,-2.46622537525,0.0399999993853271,232,337,47,0,39,212,6,0
282,1.0665000051259994,0.0,-2.4416002641460683,-2.43484409525,0.03949999939650297,232,337,47,0,39,212,6,0
283,1.0173684264484204,0.0,-2.425529903534699,-2.4188592557499997,0.03899999940767884,232,337,47,0,39,212,6,0
284,0.972500004991889,0.0,-2.3977280507846994,-2.391057403,0.03899999940767884,232,337,47,0,39,212,6,0
285,0.9231579017482305,0.0,-2.322609111784699,-2.315938464,0.03899999940767884,232,337,47,0,39,212,6,0
286,0.8785000066272914,0.0,-2.220545827756923,-2.2137041377499997,0.0399999993853271,232,337,47,0,39,212,6,0
287,5.0863157824466105,26.09473755485133,-2.2916514494874636,-2.30892670925,-0.10099999867379665,232,337,47,0,39,212,6,0
288,4.999999988079071,24.790000677108765,-2.4339151972700135,-2.4529863977499997,-0.11149999871850014,232,337,47,0,39,212,6,0
289,4.95315788921557,22.657895288969343,-2.569630134444842,-2.5896420655,-0.11699999859556556,232,337,47,0,39,212,6,0
290,4.86949999332428,21.525000524520873,-2.7138643117567702,-2.7347314522499997,-0.12199999839067459,232,337,47,0,39,212,6,0
291,4.812631581958971,19.22105302308735,-2.8283808927306433,-2.84907699125,-0.1209999978542328,232,337,47,0,39,212,6,0
292,4.729000008106231,18.260000371932982,-2.9169474878066337,-2.93772910725,-0.12149999774992466,232,337,47,0,39,212,6,0
293,4.662631599526656,15.784210757205361,-2.9861106104823207,-3.0074053555,-0.12449999749660492,232,337,47,0,39,212,6,0
294,4.579000020027161,14.995000219345092,-3.0241604124823205,-3.0454551574999997,-0.12449999749660492,232,337,47,0,39,212,6,0
295,4.503157916821931,12.34736849132337,-3.043590125069526,-3.0649703909999997,-0.1249999973922968,232,337,47,0,39,212,6,0
296,4.42350002527237,11.730000066757203,-3.0719062523967366,-3.0931154765,-0.12399999760091304,232,337,47,0,39,212,6,0
297,4.337894753405922,9.22105262154027,-3.0805725920627682,-3.10169629525,-0.12349999770522117,232,337,47,0,39,212,6,0
298,4.2615000128746034,8.759999990463257,-3.0973294180441266,-3.11836760025,-0.12299999743700027,232,337,47,0,39,212,6,0
299,4.166842121826975,6.352631568908691,-3.1080061210270866,-3.12895878225,-0.12249999716877938,232,337,47,0,39,212,6,0
300,4.09150002002716,6.034999990463257,-3.1284039530270866,-3.14935661425,-0.12249999716877938,232,337,47,0,39,212,6,0
301,3.9894736942492033,3.526315739280299,-3.1419736176979245,-3.1628407579999998,-0.1219999972730875,232,337,47,0,39,212,6,0
302,3.91800000667572,3.349999952316284,-3.147783483294361,-3.1684795817499998,-0.12099999748170376,232,337,47,0,39,212,6,0
303,3.8110526486446985,1.3263157794350071,-3.138172966294361,-3.1588690647499997,-0.12099999748170376,232,337,47,0,39,212,6,0
304,3.7420000195503236,1.2599999904632568,-3.1348147631979244,-3.1556819034999997,-0.1219999972730875,232,337,47,0,39,212,6,0
305,3.632631590491847,0.4368421153018349,-3.146252055963368,-3.1672047172499997,-0.1224999975413084,232,337,47,0,39,212,6,0
306,3.5665000081062317,0.41500000953674315,-3.1508976691979247,-3.1717648095,-0.1219999972730875,232,337,47,0,39,212,6,0
307,3.465789481213218,0.0,-3.1472201754479245,-3.16808731575,-0.1219999972730875,232,337,47,0,39,212,6,0
308,3.4025000095367433,0.0,-3.1450136791979246,-3.1658808195,-0.1219999972730875,232,337,47,0,39,212,6,0
309,3.308947387494539,0.0,-3.147746995620351,-3.1685286149999996,-0.12149999737739563,232,337,47,0,39,212,6,0
310,3.246500015258789,0.0,-3.1425734132199468,-3.16318399075,-0.12049999758601189,232,337,47,0,39,212,6,0
311,3.165789478703549,0.0,-3.1263308618971015,-3.1468559184999996,-0.11999999769032002,232,337,47,0,39,212,6,0
312,3.106500005722046,0.0,-3.125179154980643,-3.1458752535,-0.1209999978542328,232,337,47,0,39,212,6,0
313,3.040526314785606,0.0,-3.1289182274929153,-3.149699847,-0.12149999812245368,232,337,47,0,39,212,6,0
314,2.980000001192093,0.0,-3.1166108817429152,-3.13739250125,-0.12149999812245368,232,337,47,0,39,212,6,0
315,2.9078947431162785,0.0,-3.110677858492915,-3.1314594779999996,-0.12149999812245368,232,337,47,0,39,212,6,0
316,2.848500007390976,0.0,-3.091751023992915,-3.1125326435,-0.12149999812245368,232,337,47,0,39,212,6,0
317,2.7921052669223987,0.0,-3.0907578134169245,-3.1114539119999995,-0.12099999822676182,232,337,47,0,39,212,6,0
318,2.732000005245209,0.0,-3.06093305184251,-3.0815436294999996,-0.12049999833106995,232,337,47,0,39,212,6,0
319,2.6721052747023735,0.0,-3.0583342895925103,-3.0789448672499997,-0.12049999833106995,232,337,47,0,39,212,6,0
320,2.613500010967255,0.0,-3.03783839109251,-3.0584489687499996,-0.12049999833106995,232,337,47,0,39,212,6,0
321,2.5531579067832544,0.0,-3.0212161193425104,-3.041826697,-0.12049999833106995,232,337,47,0,39,212,6,0
322,2.494500011205673,0.0,-3.0081858204169247,-3.028881919,-0.12099999822676182,232,337,47,0,39,212,6,0
323,2.432631586727343,0.0,-2.993770044916925,-3.0144661435,-0.12099999822676182,232,337,47,0,39,212,6,0
324,2.3755000054836275,0.0,-2.986635132519666,-3.00716018925,-0.11999999843537808,232,337,47,0,39,212,6,0
325,2.315789479958384,0.0,-2.9805789516923773,-3.0009329664999997,-0.1189999982714653,232,337,47,0,39,212,6,0
326,2.2580000042915342,0.0,-2.967768727874202,-2.98803722175,-0.11849999837577344,232,337,47,0,39,212,6,0
327,2.200000010038677,0.0,-2.928137316307571,-2.94832028925,-0.11799999848008155,232,337,47,0,39,212,6,0
328,2.14400001168251,0.0,-2.922485946992476,-2.9425833989999997,-0.11749999858438968,232,337,47,0,39,212,6,0
329,2.0842105401189706,0.0,-2.899146119992476,-2.9192435719999996,-0.11749999858438968,232,337,47,0,39,212,6,0
330,2.0275000125169753,0.0,-2.8732565639924763,-2.893354016,-0.11749999858438968,232,337,47,0,39,212,6,0
331,1.9689473760755438,0.0,-2.8696771367424763,-2.88977458875,-0.11749999858438968,232,337,47,0,39,212,6,0
332,1.9120000064373017,0.0,-2.8359662029305905,-2.855892613,-0.11649999842047691,232,337,47,0,39,212,6,0
333,1.85526316416891,0.0,-2.8151019806247746,-2.83485734875,-0.11549999825656414,232,337,47,0,39,212,6,0
334,1.7980000048875808,0.0,-2.8054424303747743,-2.8251977984999996,-0.11549999825656414,232,337,47,0,39,212,6,0
335,1.7394736848379437,0.0,-2.782556448183786,-2.80239733725,-0.115999998152256,232,337,47,0,39,212,6,0
336,1.6840000003576279,0.0,-2.7608962972443085,-2.78082270725,-0.11649999804794789,232,337,47,0,39,212,6,0
337,1.6247368454933167,0.0,-2.7383900354943083,-2.7583164454999998,-0.11649999804794789,232,337,47,0,39,212,6,0
338,1.5705000042915345,0.0,-2.7233368277443084,-2.74326323775,-0.11649999804794789,232,337,47,0,39,212,6,0
339,1.513157894736842,0.0,-2.7085778194943084,-2.7285042295,-0.11649999804794789,232,337,47,0,39,212,6,0
340,1.457999999821186,0.0,-2.693904332183786,-2.71374522125,-0.115999998152256,232,337,47,0,39,212,6,0
341,1.4000000028233779,0.0,-2.6628047061247746,-2.68256007425,-0.11549999825656414,232,337,47,0,39,212,6,0
342,1.3485000029206275,0.0,-2.6524586903747744,-2.6722140585,-0.11549999825656414,232,337,47,0,39,212,6,0
343,1.291578946929229,0.0,-2.633152135433786,-2.6529930244999997,-0.115999998152256,232,337,47,0,39,212,6,0
344,1.2420000001788138,0.0,-2.6085009562443084,-2.62842736625,-0.11649999804794789,232,337,47,0,39,212,6,0
345,1.185789476884039,0.0,-2.579326172494308,-2.5992525824999997,-0.11649999804794789,232,337,47,0,39,212,6,0
346,1.1295000029727817,0.0,-2.5475526264943085,-2.5674790365,-0.11649999804794789,232,337,47,0,39,212,6,0
347,1.0731578953564167,0.0,-2.4970232878747747,-2.516778656,-0.11549999825656414,232,337,47,0,39,212,6,0
348,1.0245000006631018,0.0,-2.3838169102704585,-2.4033157155,-0.1139999981969595,232,337,47,0,39,212,6,0
349,0.9700000037096048,0.0,-2.2749003676155906,-2.293971568,-0.1114999981597066,232,337,47,0,39,212,6,0
350,0.9280000032857061,0.0,-2.1578443054970315,-2.176487901,-0.10899999812245369,232,337,47,0,39,212,6,0
351,0.8726315814021387,0.0,-2.0488912751650363,-2.0671927867499997,-0.10699999816715718,232,337,47,0,39,212,6,0
352,2.7120000183582307,0.0,-2.377951305380997,-2.4029234495,0.14600000120699405,232,337,47,0,39,212,6,0
353,2.664210551663449,0.0,-2.363264123133265,-2.387723142,0.14300000071525573,232,337,47,0,39,212,6,0
354,2.620000022649765,0.0,-2.3563241943888706,-2.380270088,0.14000000059604645,232,337,47,0,39,212,6,0
355,2.5715789732180143,0.0,-2.3458173841537078,-2.3693356732499997,0.1375,232,337,47,0,39,212,6,0
356,2.5240000247955323,0.0,-2.3354702192086494,-2.35864642475,0.13550000004470347,232,337,47,0,39,212,6,0
357,2.4763158120607076,0.0,-2.3190680225285956,-2.34207318625,0.1344999998807907,232,337,47,0,39,212,6,0
358,2.4295000195503236,0.0,-2.3105966667397784,-2.33334526775,0.13299999982118607,232,337,47,0,39,212,6,0
359,2.379473698766608,0.0,-2.3038654167504995,-2.32618641325,0.13049999997019768,232,337,47,0,39,212,6,0
360,2.334000015258789,0.0,-2.29682742183408,-2.31863529275,0.12749999947845936,232,337,47,0,39,212,6,0
361,2.2873684356087134,0.0,-2.2925113468397695,-2.313977134,0.1254999991506338,232,337,47,0,39,212,6,0
362,2.2405000150203707,0.0,-2.2822018188146536,-2.303582085,0.12499999888241291,232,337,47,0,39,212,6,0
363,2.193157905026486,0.0,-2.262944297153487,-2.2844100842499997,0.12549999877810478,232,337,47,0,39,212,6,0
364,2.148500007390976,0.0,-2.2611791001534876,-2.28264488725,0.12549999877810478,232,337,47,0,39,212,6,0
365,2.098947380718432,0.0,-2.2490302507055824,-2.270239475,0.12399999871850013,232,337,47,0,39,212,6,0
366,2.055000013113022,0.0,-2.2451554750067704,-2.2660226155,0.12199999839067459,232,337,47,0,39,212,6,0
367,2.0115789551483956,0.0,-2.226779402906229,-2.2473899805,0.12049999795854091,232,337,47,0,39,212,6,0
368,1.9675000071525575,0.0,-2.229868497656229,-2.25047907525,0.12049999795854091,232,337,47,0,39,212,6,0
369,1.918947370428788,0.0,-2.220993479406229,-2.241604057,0.12049999795854091,232,337,47,0,39,212,6,0
370,1.8730000019073487,0.0,-2.1987084418066334,-2.2194900612499997,0.12149999774992466,232,337,47,0,39,212,6,0
371,1.8257894766958136,0.0,-2.1887432955441266,-2.20978147775,0.12299999743700027,232,337,47,0,39,212,6,0
372,1.7825000017881394,0.0,-2.1664582579604548,-2.1876674819999997,0.12399999722838402,232,337,47,0,39,212,6,0
373,1.7357894715509916,0.0,-2.1542124910460387,-2.175507236,0.12449999712407589,232,337,47,0,39,212,6,0
374,1.6929999977350234,0.0,-2.1509033210946416,-2.172369108,0.1254999976605177,232,337,47,0,39,212,6,0
375,1.6457894758174294,0.0,-2.1345022733997836,-2.15613910225,0.1264999981969595,232,337,47,0,39,212,6,0
376,1.6045000016689301,0.0,-2.118395425275234,-2.1402032959999997,0.12749999836087228,232,337,47,0,39,212,6,0
377,1.55789473809694,0.0,-2.1130633466223068,-2.13495673825,0.12799999825656413,232,337,47,0,39,212,6,0
378,1.5140000015497208,0.0,-2.0985255625714596,-2.120589996,0.12899999804794787,232,337,47,0,39,212,6,0
379,1.4684210482396578,0.0,-2.0747820730690893,-2.0971030692499997,0.13049999810755253,232,337,47,0,39,212,6,0
380,1.426999995112419,0.0,-2.060979787721425,-2.08347182575,0.1314999982714653,232,337,47,0,39,212,6,0
381,1.3836842053814937,0.0,-2.0467726907683,-2.06935024975,0.1319999985396862,232,337,47,0,39,212,6,0
382,1.3434999942779542,0.0,-2.0381918720183,-2.0607694309999998,0.1319999985396862,232,337,47,0,39,212,6,0
383,1.299999989961323,0.0,-2.0270248365668944,-2.0496879165,0.1324999988079071,232,337,47,0,39,212,6,0
384,1.2579999908804893,0.0,-2.007142428232985,-2.0299765499999998,0.13349999897181988,232,337,47,0,39,212,6,0
385,1.2142105212337093,0.0,-1.9894790617770381,-2.0125697462499996,0.1349999990314245,232,337,47,0,39,212,6,0
386,1.1724999949336052,0.0,-1.979121649586918,-2.00246889675,0.13649999909102917,232,337,47,0,39,212,6,0
387,1.1315789395257045,0.0,-1.9787054415311438,-2.0022237305,0.13749999925494194,232,337,47,0,39,212,6,0
388,1.0914999932050704,0.0,-1.942972747849081,-1.9665765577499998,0.13799999952316283,232,337,47,0,39,212,6,0
389,1.0494736778108698,0.0,-1.9425565397403546,-1.9663313914999998,0.13900000005960464,232,337,47,0,39,212,6,0
390,1.0054999940097331,0.0,-1.9336085461388706,-1.9575544397499998,0.14000000059604645,232,337,47,0,39,212,6,0
391,0.9636842067304411,0.0,-1.9073027820446808,-1.9314197174999999,0.14100000113248826,232,337,47,0,39,212,6,0
392,0.9299999959766865,0.0,-1.9093382364578375,-1.9336262137499998,0.14200000166893006,232,337,47,0,39,212,6,0
393,0.8852631551654715,0.0,-1.8869060991283928,-1.9113651182499998,0.14300000220537185,232,337,47,0,39,212,6,0
394,0.8429999973624944,0.0,-1.870823193128393,-1.89528221225,0.14300000220537185,232,337,47,0,39,212,6,0
395,0.8021052601306062,0.0,-1.829635263128393,-1.85409428225,0.14300000220537185,232,337,47,0,39,212,6,0
396,0.7659999970346689,0.0,-1.7812155034338346,-1.8058455642499998,0.1440000019967556,232,337,47,0,39,212,6,0
397,0.7252631567810711,0.0,-1.704283483439843,-1.72925562775,0.14600000232458116,232,337,47,0,39,212,6,0
398,4.847368441129985,0.8947368421052632,-3.2749608898938587,-3.2948873002499997,0.11650000009685754,232,337,47,0,39,212,6,0
399,4.778500020503998,0.85,-3.2912615732810706,-3.310332774,0.111500000115484,232,337,47,0,39,212,6,0
400,4.778500020503998,0.85,-3.2912615732810706,-3.310332774,0.111500000115484,232,337,47,0,39,212,6,0
401,4.703684242148149,0.4473684210526316,-3.2994683242318095,-3.31665806325,0.10050000017508864,232,337,47,0,39,212,6,0
402,4.703684242148149,0.4473684210526316,-3.2994683242318095,-3.31665806325,0.10050000017508864,232,337,47,0,39,212,6,0
403,4.545789505306043,0.0,-3.3067776346542317,-3.3213162219999997,0.08500000005587935,232,337,47,0,39,212,6,0
404,4.469500029087067,0.0,-3.341764493099686,-3.3531388012499996,0.06649999981746077,232,337,47,0,39,212,6,0
405,4.382105287752654,0.0,-3.344572995380498,-3.352697502,0.04749999931082129,232,337,47,0,39,212,6,0
406,4.308000028133392,0.0,-3.348128394434875,-3.3527465352499997,0.026999998744577168,232,337,47,0,39,212,6,0
407,4.232105292771992,0.0,-3.3514751156317253,-3.3525013689999996,0.005999998655170202,232,337,47,0,39,212,6,0
408,4.158500027656555,0.0,-3.353241375814143,-3.3509323049999997,-0.01350000137463212,232,337,47,0,39,212,6,0
409,4.096315810554906,0.0,-3.3290941372756047,-3.3236207847499997,-0.0320000016130507,232,337,47,0,39,212,6,0
410,4.023500025272369,0.0,-3.313220972062117,-3.3044978172499997,-0.05100000211969018,232,337,47,0,39,212,6,0
411,3.9589473950235465,0.0,-3.3287895159765633,-3.3165599967499997,-0.07150000194087625,232,337,47,0,39,212,6,0
412,3.885000026226044,0.0,-3.3273937025448936,-3.3119999045,-0.09000000217929482,232,337,47,0,39,212,6,0
413,3.8189474030544885,0.0,-3.315346275551792,-3.2970447632499997,-0.10700000235810876,232,337,47,0,39,212,6,0
414,3.74700003862381,0.0,-3.3203875089864194,-3.2993493259999997,-0.12300000200048089,232,337,47,0,39,212,6,0
415,3.6768421499352706,0.0,-3.3194113459387555,-3.2960640982499996,-0.13650000216439367,232,337,47,0,39,212,6,0
416,3.606500041484833,0.0,-3.305627256444846,-3.28056959125,-0.1465000024996698,232,337,47,0,39,212,6,0
417,3.536842157966212,0.0,-3.2922730691934743,-3.2657615497499997,-0.15500000258907676,232,337,47,0,39,212,6,0
418,3.469000053405762,0.0,-3.271883184740117,-3.2440888532499996,-0.1625000024214387,232,337,47,0,39,212,6,0
419,3.397894784023887,0.0,-3.249789681804409,-3.2207980595,-0.1695000022649765,232,337,47,0,39,212,6,0
420,3.330500042438507,0.0,-3.232195841578318,-3.2022634909999996,-0.1750000026077032,232,337,47,0,39,212,6,0
421,3.262631629642687,0.0,-3.2154116245620217,-3.1847095874999996,-0.1795000024139881,232,337,47,0,39,212,6,0
422,3.1935000479221345,0.0,-3.2193331347039575,-3.1882890147499996,-0.18150000274181366,232,337,47,0,39,212,6,0
423,3.122631631399456,0.0,-3.2098571715754707,-3.178727531,-0.1820000022649765,232,337,47,0,39,212,6,0
424,3.05800005197525,0.0,-3.1726660264526445,-3.1417074272499996,-0.18100000247359277,232,337,47,0,39,212,6,0
425,2.9815789900327982,0.0,-3.1556150011989743,-3.1247419227499997,-0.18050000220537185,232,337,47,0,39,212,6,0
426,2.916500037908554,0.0,-3.1381101309489745,-3.1072370525,-0.18050000220537185,232,337,47,0,39,212,6,0
427,2.844210568227266,0.0,-3.139299474692953,-3.108511917,-0.18000000193715096,232,337,47,0,39,212,6,0
428,2.784000039100647,0.0,-3.122346515934586,-3.0916444789999997,-0.17950000166893004,232,337,47,0,39,212,6,0
429,2.7131579298722115,0.0,-3.119122867173882,-3.088506351,-0.17900000140070915,232,337,47,0,39,212,6,0
430,2.651500034332275,0.0,-3.1069147377352495,-3.0766403044999997,-0.1770000010728836,232,337,47,0,39,212,6,0
431,2.5789473935177454,0.0,-3.0796910379134257,-3.05001524975,-0.17350000143051147,232,337,47,0,39,212,6,0
432,2.517500025033951,0.0,-3.0725949122045604,-3.04334672775,-0.17100000157952308,232,337,47,0,39,212,6,0
433,2.448421082998577,0.0,-3.0613913894808644,-3.0323142465,-0.17000000178813934,232,337,47,0,39,212,6,0
434,2.388500028848648,0.0,-3.052750141440011,-3.02392956075,-0.1685000017285347,232,337,47,0,39,212,6,0
435,2.316842135630156,0.0,-3.03375148154922,-3.0054440255,-0.1655000016093254,232,337,47,0,39,212,6,0
436,2.2575000286102296,0.0,-3.014936408787594,-2.98705655675,-0.16300000101327897,232,337,47,0,39,212,6,0
437,2.185263181987562,0.0,-2.996010723815525,-2.9684729549999997,-0.16100000068545342,232,337,47,0,39,212,6,0
438,2.128500020503998,0.0,-2.977893512755599,-2.9505267854999997,-0.16000000089406968,232,337,47,0,39,212,6,0
439,2.0578947569194592,0.0,-2.972806600536225,-2.9455253939999997,-0.15950000137090684,232,337,47,0,39,212,6,0
440,2.00250001847744,0.0,-2.9439625037555994,-2.9165957765,-0.16000000089406968,232,337,47,0,39,212,6,0
441,1.9431579081635726,0.0,-2.9447595815362253,-2.917478375,-0.15950000137090684,232,337,47,0,39,212,6,0
442,1.8880000114440918,0.0,-2.90234696975571,-2.8754078465,-0.1575000010430813,232,337,47,0,39,212,6,0
443,1.8284210656818591,0.0,-2.892027194837239,-2.8656011964999997,-0.154500000923872,232,337,47,0,39,212,6,0
444,1.7725000113248826,0.0,-2.874474440725444,-2.8483905257499997,-0.15250000059604646,232,337,47,0,39,212,6,0
445,1.7131579016384326,0.0,-2.8569946618463202,-2.8310817884999997,-0.1515000008046627,232,337,47,0,39,212,6,0
446,1.6550000071525575,0.0,-2.835261535824132,-2.809605225,-0.15000000074505807,232,337,47,0,39,212,6,0
447,1.5968421132940995,0.0,-2.798536780891413,-2.7732225534999997,-0.14800000041723252,232,337,47,0,39,212,6,0
448,1.544500008225441,0.0,-2.7732732608284674,-2.7482155959999996,-0.14650000035762786,232,337,47,0,39,212,6,0
449,1.4868421084002446,0.0,-2.730125150092044,-2.70540956875,-0.14450000002980232,232,337,47,0,39,212,6,0
450,1.4325000032782556,0.0,-2.7036848319892988,-2.67922581325,-0.1429999999701977,232,337,47,0,39,212,6,0
451,1.3773684234995591,0.0,-2.6628036470755045,-2.63843014925,-0.14249999970197677,232,337,47,0,39,212,6,0
452,1.3255000025033952,0.0,-2.6255999559098537,-2.6013119789999997,-0.14199999943375588,232,337,47,0,39,212,6,0
453,1.2699999966119464,0.0,-2.585835139356257,-2.561889246,-0.13999999910593033,232,337,47,0,39,212,6,0
454,1.2209999963641167,0.0,-2.5385682355872006,-2.5149644257499997,-0.13799999915063382,232,337,47,0,39,212,6,0
455,1.1657894708608325,0.0,-2.4891062319051382,-2.465587943,-0.1374999988824129,232,337,47,0,39,212,6,0
456,1.1134999971836805,0.0,-2.468904532905138,-2.445386244,-0.1374999988824129,232,337,47,0,39,212,6,0
457,1.0573684145745479,0.0,-2.4239045550350022,-2.400471787,-0.13699999898672105,232,337,47,0,39,212,6,0
458,1.0114999938756228,0.0,-2.353615965725666,-2.3303542395,-0.13599999882280828,232,337,47,0,39,212,6,0
459,0.9568421013261142,0.0,-2.2235444482032967,-2.2007103265,-0.13349999859929085,232,337,47,0,39,212,6,0
460,0.9134999964386225,0.0,-2.1137122664538825,-2.0915623119999998,-0.12949999868869783,232,337,47,0,39,212,6,0
461,0.8626315754495169,0.0,-1.9704154659269744,-1.9491207207499999,-0.1244999984279275,232,337,47,0,39,212,6,0
462,0.8219999967142939,0.0,-1.8549570057303337,-1.8344319489999998,-0.11999999843537808,232,337,47,0,39,212,6,0
463,0.7689473627037123,0.0,-1.7241260471012685,-1.7041996369999999,-0.11649999860674143,232,337,47,0,39,212,6,0
464,0.7329999946057797,0.0,-1.6033594501342108,-1.5841172077499999,-0.11249999850988388,232,337,47,0,39,212,6,0
465,1.0326315760612488,0.0,-1.4063868642067514,-1.4218661835,0.09050000347197056,232,337,47,0,39,212,6,0
466,1.0049999967217444,0.0,-1.3937727735298815,-1.40916657175,0.09000000320374965,232,337,47,0,39,212,6,0
467,0.9763157885325583,0.0,-1.4047436761041838,-1.42005195325,0.08950000293552876,232,337,47,0,39,212,6,0
468,0.9484999984502792,0.0,-1.401053636929652,-1.416276393,0.08900000266730786,232,337,47,0,39,212,6,0
469,0.9199999978667811,0.0,-1.3918718737562794,-1.4070091087499998,0.08850000239908695,232,337,47,0,39,212,6,0
470,0.8924999982118607,0.0,-1.387286690599268,-1.4022528834999999,0.08750000223517418,232,337,47,0,39,212,6,0
471,0.8647368424817136,0.0,-1.3858031476793342,-1.4006838195,0.08700000196695327,232,337,47,0,39,212,6,0
472,0.8375,0.0,-1.3749542540105337,-1.3897494047499999,0.08650000169873237,232,337,47,0,39,212,6,0
473,0.8094736839595594,0.0,-1.3561619738428599,-1.3708716035,0.08600000143051148,232,337,47,0,39,212,6,0
474,0.7819999992847443,0.0,-1.3672183974471481,-1.381756985,0.08500000126659871,232,337,47,0,39,212,6,0
475,0.7536842070127788,0.0,-1.3661271205328154,-1.3805801869999998,0.0845000009983778,232,337,47,0,39,212,6,0
476,0.7234999969601631,0.0,-1.3542485286195833,-1.368616074,0.0840000007301569,232,337,47,0,39,212,6,0
477,0.6957894704843822,0.0,-1.3362407804574454,-1.35052280475,0.083500000461936,232,337,47,0,39,212,6,0
478,0.6709999971091747,0.0,-1.327696449546395,-1.3418929527499999,0.08300000019371509,232,337,47,0,39,212,6,0
479,0.642631573896659,0.0,-1.3065505733864258,-1.3206615554999999,0.0824999999254942,232,337,47,0,39,212,6,0
480,0.612999995239079,0.0,-1.2916809532275313,-1.30570641425,0.0819999996572733,232,337,47,0,39,212,6,0
481,0.5842105230610621,0.0,-1.2462761637275312,-1.2603016247499998,0.0819999996572733,232,337,47,0,39,212,6,0
482,0.5604999968782067,0.0,-1.2130806534775314,-1.2271061145,0.0819999996572733,232,337,47,0,39,212,6,0
483,0.5326315739045018,0.0,-1.1733637209775314,-1.187389182,0.0819999996572733,232,337,47,0,39,212,6,0
484,0.5084999952465296,0.0,-1.1289395964775313,-1.1429650574999999,0.0819999996572733,232,337,47,0,39,212,6,0
485,0.4799999975060162,0.0,-1.0909878609775312,-1.1050133219999998,0.0819999996572733,232,337,47,0,39,212,6,0
486,4.216842111788298,13.789473533630371,-2.738525646628773,-2.75503121775,0.09650000110268593,232,337,47,0,39,212,6,0
487,4.134500002861023,13.099999856948852,-2.7964692539291116,-2.81254722,0.09400000125169754,232,337,47,0,39,212,6,0
488,4.065263170945017,11.03684199483771,-2.8051128000650545,-2.82161837125,0.09650000147521495,232,337,47,0,39,212,6,0
489,3.988000011444092,10.484999895095825,-2.809293171821475,-2.825884264,0.09700000137090684,232,337,47,0,39,212,6,0
490,3.911052653664037,8.28421045604505,-2.821404384571475,-2.8379954767499997,0.09700000137090684,232,337,47,0,39,212,6,0
491,3.834500026702881,7.869999933242798,-2.8191614005791594,-2.83583801375,0.0975000012665987,232,337,47,0,39,212,6,0
492,3.7494737223574988,5.863157824466103,-2.8283671060714752,-2.84495819825,0.09700000137090684,232,337,47,0,39,212,6,0
493,3.674500036239624,5.569999933242798,-2.845895918623609,-2.86231596875,0.09600000120699406,232,337,47,0,39,212,6,0
494,3.5826316130788705,3.4421051928871558,-2.841225214369696,-2.8575597435,0.09550000131130218,232,337,47,0,39,212,6,0
495,3.512000036239624,3.269999933242798,-2.844951741369696,-2.8612862705,0.09550000131130218,232,337,47,0,39,212,6,0
496,3.411578981499923,2.0842104961997583,-2.8531528396236085,-2.8695728897499997,0.09600000120699406,232,337,47,0,39,212,6,0
497,3.3420000314712524,1.9799999713897705,-2.860115561123609,-2.87653561125,0.09600000120699406,232,337,47,0,39,212,6,0
498,3.234736869209691,0.7263157995123612,-2.8718835411236086,-2.8883035912499997,0.09600000120699406,232,337,47,0,39,212,6,0
499,3.167000025510788,0.6900000095367431,-2.8712825966834137,-2.88761712575,0.09550000093877316,232,337,47,0,39,212,6,0
500,3.0505263366197286,0.0,-2.8789192382444626,-2.89516824625,0.09500000067055225,232,337,47,0,39,212,6,0
501,2.9840000212192535,0.0,-2.873059190556548,-2.8891371565,0.09400000050663948,232,337,47,0,39,212,6,0
502,2.8778947591781616,0.0,-2.8721879888769837,-2.88800939175,0.09250000044703484,232,337,47,0,39,212,6,0
503,2.818000018596649,0.0,-2.8697477232082633,-2.885312563,0.0910000003874302,232,337,47,0,39,212,6,0
504,2.727894745374981,0.0,-2.8689745880502104,-2.88428286475,0.08950000032782554,232,337,47,0,39,212,6,0
505,2.671000009775162,0.0,-2.8641807264345096,-2.87923244,0.08800000008195638,232,337,47,0,39,212,6,0
506,2.602631587731211,0.0,-2.8523876554979246,-2.8672683269999997,0.08700000010430813,232,337,47,0,39,212,6,0
507,2.546000009775162,0.0,-2.8389149085856014,-2.8535390169999997,0.085500000230968,232,337,47,0,39,212,6,0
508,2.4784210669366935,0.0,-2.8271457800211635,-2.84142780425,0.08350000008940697,232,337,47,0,39,212,6,0
509,2.422000014781952,0.0,-2.8283214294741272,-2.8422613694999996,0.08149999994784593,232,337,47,0,39,212,6,0
510,2.366842119317306,0.0,-2.8200701494777753,-2.83358248425,0.07899999991059303,232,337,47,0,39,212,6,0
511,2.3135000109672545,0.0,-2.8095633400071485,-2.8226480694999996,0.07649999987334014,232,337,47,0,39,212,6,0
512,2.256842111286364,0.0,-2.811817721017738,-2.8245603662499996,0.07449999973177909,232,337,47,0,39,212,6,0
513,2.20100000500679,0.0,-2.797891129511995,-2.8102916904999997,0.07249999977648258,232,337,47,0,39,212,6,0
514,2.1457894789545158,0.0,-2.7887697965532205,-2.8008282732499996,0.07049999963492155,232,337,47,0,39,212,6,0
515,2.0925000071525575,0.0,-2.7768284775015486,-2.7883738277499996,0.06749999951571226,232,337,47,0,39,212,6,0
516,2.0363157924852873,0.0,-2.774779329543265,-2.78572603225,0.0639999995008111,232,337,47,0,39,212,6,0
517,1.9800000041723251,0.0,-2.7564146548083945,-2.766848231,0.06099999938160181,232,337,47,0,39,212,6,0
518,1.9252631632905257,0.0,-2.7359415503680578,-2.745862,0.05799999916926026,232,337,47,0,39,212,6,0
519,1.8710000038146972,0.0,-2.7357807568154557,-2.7452736009999996,0.05549999922513962,232,337,47,0,39,212,6,0
520,1.8131578972465114,0.0,-2.725825858686426,-2.7349766184999997,0.0534999992698431,232,337,47,0,39,212,6,0
521,1.7580000013113022,0.0,-2.699971642165769,-2.7086947964999997,0.05099999932572245,232,337,47,0,39,212,6,0
522,1.70157895276421,0.0,-2.69026191031124,-2.69864298025,0.04899999937042594,232,337,47,0,39,212,6,0
523,1.6470000058412553,0.0,-2.6705984287169238,-2.67863741425,0.046999999415129425,232,337,47,0,39,212,6,0
524,1.5889473745697422,0.0,-2.645884522398332,-2.6535814235,0.04499999936670065,232,337,47,0,39,212,6,0
525,1.5360000044107438,0.0,-2.635402803966118,-2.64284314175,0.043499999400228265,232,337,47,0,39,212,6,0
526,1.4815789555248462,0.0,-2.6316386407890042,-2.63882241525,0.041999999433755875,232,337,47,0,39,212,6,0
527,1.4270000070333482,0.0,-2.622689498522937,-2.62970223075,0.04099999936297536,232,337,47,0,39,212,6,0
528,1.3694736926179183,0.0,-2.623596039509006,-2.6304377294999997,0.039999999292194846,232,337,47,0,39,212,6,0
529,1.3185000076889992,0.0,-2.61322493298123,-2.6198955807499997,0.038999999314546584,232,337,47,0,39,212,6,0
530,1.2626315810178455,0.0,-2.598183122318359,-2.60459720675,0.0374999993480742,232,337,47,0,39,212,6,0
531,1.2115000016987323,0.0,-2.5965764221598846,-2.6027339432499996,0.03599999938160181,232,337,47,0,39,212,6,0
532,1.1568421070512973,0.0,-2.592628671405853,-2.5986151502499997,0.034999999310821296,232,337,47,0,39,212,6,0
533,1.1055000014603138,0.0,-2.5542721245215603,-2.56017308225,0.03449999932199717,232,337,47,0,39,212,6,0
534,1.0494736817322279,0.0,-2.4979694081536454,-2.5037848447499997,0.03399999924004078,232,337,47,0,39,212,6,0
535,0.9994999976828695,0.0,-2.40408327977156,-2.4099842375,0.03449999932199717,232,337,47,0,39,212,6,0
536,0.9457894722489935,0.0,-2.2858162290614947,-2.29205927125,0.03649999927729368,232,337,47,0,39,212,6,0
537,0.9009999986737967,0.0,-2.1392820838539315,-2.14603825275,0.03949999939650297,232,337,47,0,39,212,6,0
538,5.489000034332276,25.970000195503236,-2.441167890506645,-2.42611617675,-0.08800000119954347,232,337,47,0,39,212,6,0
539,5.457368449160927,23.631579072851885,-2.582491965176221,-2.56684160425,-0.09150000102818012,232,337,47,0,39,212,6,0
540,5.393500018119812,22.45000011920929,-2.7303853466785246,-2.7137942545,-0.09700000137090684,232,337,47,0,39,212,6,0
541,5.356842116305702,20.221052596443577,-2.8781681159422163,-2.86055077175,-0.10300000123679638,232,337,47,0,39,212,6,0
542,5.289000010490417,19.2099999666214,-2.9908202846591765,-2.9726898145,-0.10600000135600567,232,337,47,0,39,212,6,0
543,5.246842108274761,16.810526120035274,-3.053399257125618,-3.0353543079999996,-0.10550000108778476,232,337,47,0,39,212,6,0
544,5.1769999980926515,15.969999814033509,-3.1206112973454587,-3.10248082725,-0.10600000098347664,232,337,47,0,39,212,6,0
545,5.1289473583823755,13.399999643626966,-3.160928025624105,-3.1425409925,-0.10750000141561031,232,337,47,0,39,212,6,0
546,5.057999992370606,12.729999661445618,-3.2174975529425724,-3.198340831,-0.11200000159442425,232,337,47,0,39,212,6,0
547,5.004210522300319,10.28947340814691,-3.2925149786384558,-3.27233200525,-0.11800000108778477,232,337,47,0,39,212,6,0
548,4.934999990463257,9.774999737739563,-3.350248758029336,-3.32921057525,-0.12300000078976155,232,337,47,0,39,212,6,0
549,4.874736836082057,7.178947172666851,-3.3766753817024857,-3.3549530315,-0.12700000070035458,232,337,47,0,39,212,6,0
550,4.804499995708466,6.819999814033508,-3.4143671072246007,-3.3918750687499997,-0.13150000087916852,232,337,47,0,39,212,6,0
551,4.737368420550697,4.068420937186794,-3.46092130529539,-3.43757405775,-0.13650000132620335,232,337,47,0,39,212,6,0
552,4.661500000953675,3.8649998903274536,-3.496381442978444,-3.47209346575,-0.14200000129640103,232,337,47,0,39,212,6,0
553,4.587894740857576,2.815789398394133,-3.522525262937692,-3.49729655625,-0.1475000012665987,232,337,47,0,39,212,6,0
554,4.5160000085830685,2.6749999284744264,-3.5640050936600383,-3.53809222025,-0.15150000117719173,232,337,47,0,39,212,6,0
555,4.434736854151676,1.5631578596014726,-3.5705618540316517,-3.5442213765,-0.15400000102818012,232,337,47,0,39,212,6,0
556,4.369500017166137,1.4849999666213989,-3.5658535124919,-3.5391709517499996,-0.1560000006109476,232,337,47,0,39,212,6,0
557,4.281052639609889,0.3105263208088122,-3.575339722123619,-3.5481440364999997,-0.1590000007301569,232,337,47,0,39,212,6,0
558,4.213000011444092,0.29500000476837157,-3.5896676776396683,-3.5618733464999996,-0.16250000037252904,232,337,47,0,39,212,6,0
559,4.123684230603669,0.0,-3.586724533086299,-3.55858811875,-0.1645000007003546,232,337,47,0,39,212,6,0
560,4.058000016212463,0.0,-3.594066974784539,-3.5658450397499997,-0.1650000002235174,232,337,47,0,39,212,6,0
561,3.9868421303598502,0.0,-3.5867005911785252,-3.5587352185,-0.16350000016391278,232,337,47,0,39,212,6,0
562,3.9230000257492064,0.0,-3.5729724307149096,-3.54534914125,-0.16149999983608723,232,337,47,0,39,212,6,0
563,3.8600000331276343,0.0,-3.5681306846880894,-3.540592916,-0.16099999994039535,232,337,47,0,39,212,6,0
564,3.794000029563904,0.0,-3.558347976553344,-3.53063916625,-0.16200000010430812,232,337,47,0,39,212,6,0
565,3.7305263469093726,0.0,-3.550502656553344,-3.52279384625,-0.16200000010430812,232,337,47,0,39,212,6,0
566,3.6670000314712525,0.0,-3.5331220937461834,-3.5059264082499997,-0.15899999998509884,232,337,47,0,39,212,6,0
567,3.60210529126619,0.0,-3.501252780263378,-3.4747412612499997,-0.15500000007450582,232,337,47,0,39,212,6,0
568,3.536500024795532,0.0,-3.469812220218884,-3.443899347,-0.15150000005960465,232,337,47,0,39,212,6,0
569,3.4689473854868034,0.0,-3.467766518734218,-3.4422812497499997,-0.14899999983608722,232,337,47,0,39,212,6,0
570,3.402500021457672,0.0,-3.451439595786024,-3.42629641025,-0.14699999950826168,232,337,47,0,39,212,6,0
571,3.335789492255763,0.0,-3.4259069674008895,-3.40119138625,-0.14449999891221524,232,337,47,0,39,212,6,0
572,3.2730000138282778,0.0,-3.410708958401831,-3.38667754425,-0.14049999862909318,232,337,47,0,39,212,6,0
573,3.204210544887342,0.0,-3.3890020726619476,-3.3657403465,-0.13599999845027924,232,337,47,0,39,212,6,0
574,3.139000016450882,0.0,-3.3499739039816996,-3.327396345,-0.1319999985396862,232,337,47,0,39,212,6,0
575,3.0757894829699866,0.0,-3.336147676600102,-3.31391220125,-0.12999999858438968,232,337,47,0,39,212,6,0
576,3.011500006914139,0.0,-3.335241136055976,-3.3131767025,-0.12899999879300594,232,337,47,0,39,212,6,0
577,2.945789468915839,0.0,-3.323792446691411,-3.301899055,-0.12799999862909317,232,337,47,0,39,212,6,0
578,2.8834999978542326,0.0,-3.3139994913465123,-3.29253370425,-0.12549999877810478,232,337,47,0,39,212,6,0
579,2.815263164670844,0.0,-3.2992792688069477,-3.27841212825,-0.12199999876320362,232,337,47,0,39,212,6,0
580,2.7525000035762788,0.0,-3.2770934466850585,-3.25673943175,-0.11899999901652336,232,337,47,0,39,212,6,0
581,2.686842109027662,0.0,-3.2656082696349595,-3.2455108174999996,-0.11749999932944774,232,337,47,0,39,212,6,0
582,2.6255000054836275,0.0,-3.2604597783849596,-3.2403623262499996,-0.11749999932944774,232,337,47,0,39,212,6,0
583,2.5610526423705253,0.0,-3.2548335001985236,-3.2348215689999997,-0.11699999943375587,232,337,47,0,39,212,6,0
584,2.4980000078678133,0.0,-3.2389227850073676,-3.2190818957499996,-0.1159999992698431,232,337,47,0,39,212,6,0
585,2.4342105325899626,0.0,-3.2236255598569774,-3.2041267545,-0.11399999894201755,232,337,47,0,39,212,6,0
586,2.3730000078678133,0.0,-3.205913159947929,-3.1866709175,-0.11249999888241291,232,337,47,0,39,212,6,0
587,2.307368435357746,0.0,-3.1897082452937044,-3.17063704475,-0.11149999909102917,232,337,47,0,39,212,6,0
588,2.246000015735626,0.0,-3.1759789352937045,-3.15690773475,-0.11149999909102917,232,337,47,0,39,212,6,0
589,2.181578962426437,0.0,-3.157431821246546,-3.13827509975,-0.11199999898672104,232,337,47,0,39,212,6,0
590,2.1195000141859053,0.0,-3.134337160496546,-3.115180439,-0.11199999898672104,232,337,47,0,39,212,6,0
591,2.0615789607951513,0.0,-3.135268792246546,-3.11611207075,-0.11199999898672104,232,337,47,0,39,212,6,0
592,2.0005000114440916,0.0,-3.106964061447929,-3.087721819,-0.11249999888241291,232,337,47,0,39,212,6,0
593,1.940000007027074,0.0,-3.091211842647846,-3.0718840792499997,-0.11299999877810478,232,337,47,0,39,212,6,0
594,1.8800000071525573,0.0,-3.0782784612387415,-3.0586941349999996,-0.1144999984651804,232,337,47,0,39,212,6,0
595,1.814210527821591,0.0,-3.0575613386252254,-3.0378059705,-0.11549999825656414,232,337,47,0,39,212,6,0
596,1.7530000001192092,0.0,-3.0333263675662137,-3.0134854785,-0.115999998152256,232,337,47,0,39,212,6,0
597,1.6915789434784336,0.0,-3.0127198570056914,-2.992793447,-0.11649999804794789,232,337,47,0,39,212,6,0
598,1.631999996304512,0.0,-2.9774888923800873,-2.9573914405,-0.11749999783933163,232,337,47,0,39,212,6,0
599,1.5699999991216158,0.0,-2.956036270998361,-2.9357677772499997,-0.11849999763071536,232,337,47,0,39,212,6,0
600,1.512499998509884,0.0,-2.931445521610461,-2.9110059859999997,-0.11949999742209912,232,337,47,0,39,212,6,0
601,1.4494736806342476,0.0,-2.905874107216335,-2.88526352975,-0.12049999721348285,232,337,47,0,39,212,6,0
602,1.3924999967217446,0.0,-2.8828159341419206,-2.8621198357499997,-0.12099999710917472,232,337,47,0,39,212,6,0
603,1.332105261714835,0.0,-2.8499385654883573,-2.82907142525,-0.12199999690055847,232,337,47,0,39,212,6,0
604,1.2809999987483025,0.0,-2.818851484988357,-2.7979843447499997,-0.12199999690055847,232,337,47,0,39,212,6,0
605,1.218947365095741,0.0,-2.798343040909195,-2.77739037975,-0.12249999679625034,232,337,47,0,39,212,6,0
606,1.1594999968074262,0.0,-2.7548380025784374,-2.7337998205,-0.12299999669194221,232,337,47,0,39,212,6,0
607,1.0999999986471314,0.0,-2.6805526288284374,-2.65951444675,-0.12299999669194221,232,337,47,0,39,212,6,0
608,1.0514999984763562,0.0,-2.56114526856593,-2.5403636492499997,-0.1214999970048666,232,337,47,0,39,212,6,0
609,0.9942105191906816,0.0,-2.4088867797194156,-2.3887038069999997,-0.11799999717622996,232,337,47,0,39,212,6,0
610,0.9454999932087957,0.0,-2.2547536306589038,-2.2354258675,-0.11299999738112092,232,337,47,0,39,212,6,0
611,4.99157893030267,1.357894734332436,-3.3666860990619614,-3.33803656025,0.16749999970197677,232,337,47,0,39,212,6,0
612,4.919499981403351,1.2899999976158143,-3.403608136311961,-3.3749585974999996,0.16749999970197677,232,337,47,0,39,212,6,0
613,4.846315772909867,0.6526315965150532,-3.4306380028108143,-3.40207398475,0.1669999998062849,232,337,47,0,39,212,6,0
614,4.774999988079071,0.6200000166893005,-3.4547019324169117,-3.4263944767499996,0.16549999937415122,232,337,47,0,39,212,6,0
615,4.696842080668399,0.47368422307466207,-3.47817861261219,-3.4504698025,0.16199999898672104,232,337,47,0,39,212,6,0
616,4.627499973773956,0.450000011920929,-3.490622811454071,-3.463512647,0.15849999859929084,232,337,47,0,39,212,6,0
617,4.543157866126613,0.29473684963427094,-3.4992298710600624,-3.4726328315,0.15549999848008156,232,337,47,0,39,212,6,0
618,4.472499978542328,0.28000000715255735,-3.51272770996844,-3.4865582744999997,0.15299999862909316,232,337,47,0,39,212,6,0
619,4.381578934820075,0.11578947619387978,-3.5152421008269945,-3.4895002694999997,0.15049999877810477,232,337,47,0,39,212,6,0
620,4.311499989032745,0.1100000023841858,-3.506429810822823,-3.48111558375,0.14799999855458737,232,337,47,0,39,212,6,0
621,4.216842086691606,0.0,-3.4963187143371717,-3.47160313325,0.1444999985396862,232,337,47,0,39,212,6,0
622,4.14799997806549,0.0,-3.4975593897925386,-3.4736134964999996,0.1399999987334013,232,337,47,0,39,212,6,0
623,4.074210493188155,0.0,-3.4957725492229614,-3.4726818647499997,0.1349999990314245,232,337,47,0,39,212,6,0
624,4.007499969005584,0.0,-3.4853307652648904,-3.4629242479999998,0.1309999991208315,232,337,47,0,39,212,6,0
625,3.9447368195182397,0.0,-3.470009598191411,-3.4481162065,0.12799999862909317,232,337,47,0,39,212,6,0
626,3.8744999766349792,0.0,-3.4674005884588333,-3.44610584325,0.124499998614192,232,337,47,0,39,212,6,0
627,3.8089473498495003,0.0,-3.4567010923967927,-3.4360049937499997,0.12099999859929085,232,337,47,0,39,212,6,0
628,3.7404999852180483,0.0,-3.4631142004438056,-3.4430167485,0.11749999821186066,232,337,47,0,39,212,6,0
629,3.6731578801807605,0.0,-3.4570603174887418,-3.43747599125,0.1144999984651804,232,337,47,0,39,212,6,0
630,3.608499991893768,0.0,-3.450331365647846,-3.4310036022499997,0.11299999877810478,232,337,47,0,39,212,6,0
631,3.5405263022372595,0.0,-3.429050935147846,-3.4097231717499996,0.11299999877810478,232,337,47,0,39,212,6,0
632,3.475499987602234,0.0,-3.4018249358462924,-3.3824116515,0.11349999867379665,232,337,47,0,39,212,6,0
633,3.408947367417185,0.0,-3.3841729658462922,-3.3647596815,0.11349999867379665,232,337,47,0,39,212,6,0
634,3.3429999947547913,0.0,-3.361385050147846,-3.34205728675,0.11299999877810478,232,337,47,0,39,212,6,0
635,3.273684213035985,0.0,-3.355108794147846,-3.3357810307499998,0.11299999877810478,232,337,47,0,39,212,6,0
636,3.2080000042915344,0.0,-3.3437330801478464,-3.32440531675,0.11299999877810478,232,337,47,0,39,212,6,0
637,3.138947373942325,0.0,-3.323592959947929,-3.3043507174999998,0.11249999888241291,232,337,47,0,39,212,6,0
638,3.07600000500679,0.0,-3.303501872996546,-3.2843451514999997,0.11199999898672104,232,337,47,0,39,212,6,0
639,3.0089473787106966,0.0,-3.2868921467937042,-3.2678209462499996,0.11149999909102917,232,337,47,0,39,212,6,0
640,2.9465000092983247,0.0,-3.27058916563367,-3.251689007,0.11049999929964542,232,337,47,0,39,212,6,0
641,2.8805263356158606,0.0,-3.2579146449678786,-3.2391855282499997,0.10949999950826168,232,337,47,0,39,212,6,0
642,2.8175000190734862,0.0,-3.235580574046382,-3.2170224992499996,0.10849999971687793,232,337,47,0,39,212,6,0
643,2.753684219561125,0.0,-3.2211773440835105,-3.20270479025,0.10799999982118606,232,337,47,0,39,212,6,0
644,2.690500009059906,0.0,-3.1997258716535537,-3.18142435975,0.10700000002980233,232,337,47,0,39,212,6,0
645,2.625789479205483,0.0,-3.1901165034632495,-3.1721570755,0.1050000000745058,232,337,47,0,39,212,6,0
646,2.564500004053116,0.0,-3.177601628041426,-3.1598987629999997,0.1035000003874302,232,337,47,0,39,212,6,0
647,2.4978947451240137,0.0,-3.1630638438367926,-3.1455320207499997,0.10250000059604644,232,337,47,0,39,212,6,0
648,2.4355000078678133,0.0,-3.1313518766074697,-3.1139055745,0.10200000070035457,232,337,47,0,39,212,6,0
649,2.3694736894808317,0.0,-3.1270369506074696,-3.1095906484999998,0.10200000070035457,232,337,47,0,39,212,6,0
650,2.30900000333786,0.0,-3.1263014518574694,-3.1088551497499997,0.10200000070035457,232,337,47,0,39,212,6,0
651,2.243684216549522,0.0,-3.1100839916268184,-3.0927232105,0.1015000008046627,232,337,47,0,39,212,6,0
652,2.18400000333786,0.0,-3.0901890376448446,-3.0729137774999997,0.10100000090897084,232,337,47,0,39,212,6,0
653,2.1189473679191186,0.0,-3.0919177469115557,-3.0747280077499997,0.10050000101327897,232,337,47,0,39,212,6,0
654,2.058500000834465,0.0,-3.0771587386615558,-3.0599689994999997,0.10050000101327897,232,337,47,0,39,212,6,0
655,1.9926315828373558,0.0,-3.052776667894845,-3.03550140775,0.10100000090897084,232,337,47,0,39,212,6,0
656,1.9335000038146972,0.0,-3.0389983246448447,-3.0217230644999997,0.10100000090897084,232,337,47,0,39,212,6,0
657,1.8705263137817383,0.0,-3.042320040126818,-3.0249592589999996,0.1015000008046627,232,337,47,0,39,212,6,0
658,1.811499997973442,0.0,-3.0221913165867926,-3.0046594934999997,0.10250000059604644,232,337,47,0,39,212,6,0
659,1.7499999968629134,0.0,-2.9919127102914262,-2.97420984525,0.1035000003874302,232,337,47,0,39,212,6,0
660,1.6914999961853028,0.0,-2.9838461662406677,-2.96597225925,0.10450000017881393,232,337,47,0,39,212,6,0
661,1.6310526320808811,0.0,-2.959660228463249,-2.9417008004999996,0.1050000000745058,232,337,47,0,39,212,6,0
662,1.5710000008344651,0.0,-2.930509386904304,-2.912378917,0.10599999986588955,232,337,47,0,39,212,6,0
663,1.5094736845869767,0.0,-2.9146955893398356,-2.8963940774999997,0.10699999965727329,232,337,47,0,39,212,6,0
664,1.4520000010728835,0.0,-2.888179997732664,-2.869621923,0.10849999934434891,232,337,47,0,39,212,6,0
665,1.3947368452423496,0.0,-2.87273337513367,-2.8538332165,0.11049999929964542,232,337,47,0,39,212,6,0
666,1.3380000025033951,0.0,-2.839156995496546,-2.820000274,0.11199999898672104,232,337,47,0,39,212,6,0
667,1.2799999996235496,0.0,-2.8111829518978464,-2.7918551885,0.11299999877810478,232,337,47,0,39,212,6,0
668,1.2244999997317791,0.0,-2.816686072488742,-2.79710174625,0.1144999984651804,232,337,47,0,39,212,6,0
669,1.1636842042207718,0.0,-2.7723839566252253,-2.7526285885,0.11549999825656414,232,337,47,0,39,212,6,0
670,1.1074999939650296,0.0,-2.7159706280056914,-2.696044218,0.11649999804794789,232,337,47,0,39,212,6,0
671,1.0478947299875712,0.0,-2.636744292564993,-2.6165613197499997,0.1179999977350235,232,337,47,0,39,212,6,0
672,0.9989999935030938,0.0,-2.561685783424179,-2.5412462477499997,0.11949999779462814,232,337,47,0,39,212,6,0
673,0.941578945046977,0.0,-2.410293900600349,-2.3893412392499997,0.12249999791383744,232,337,47,0,39,212,6,0
674,3.025789499282837,5.042105135164763,-2.588540403687972,-2.5415894805,-0.2745000034570694,232,337,47,0,39,212,6,0
675,2.9560000240802764,4.789999878406524,-2.5948759349793304,-2.54732637075,-0.2780000038444996,232,337,47,0,39,212,6,0
676,2.856842122579876,3.699999872006868,-2.599875021988467,-2.5516412967499997,-0.28200000450015067,232,337,47,0,39,212,6,0
677,2.7905000150203705,3.514999878406525,-2.5977642875125184,-2.5488464015,-0.28600000515580176,232,337,47,0,39,212,6,0
678,2.6852631757133887,2.631578859529997,-2.6043198916300327,-2.554632325,-0.29050000607967374,232,337,47,0,39,212,6,0
679,2.624000018835068,2.4999999165534974,-2.6089267118934556,-2.558554985,-0.29450000673532484,232,337,47,0,39,212,6,0
680,2.5163158052846004,1.5631578470531262,-2.6121001737106253,-2.561300847,-0.2970000058412552,232,337,47,0,39,212,6,0
681,2.4580000162124636,1.48499995470047,-2.596800646795739,-2.54565924025,-0.29900000542402266,232,337,47,0,39,212,6,0
682,2.3442105494047465,0.4947368345762554,-2.591638455938236,-2.54006944975,-0.301500004529953,232,337,47,0,39,212,6,0
683,2.290000021457672,0.46999999284744265,-2.585900412632557,-2.53398932675,-0.3035000041127205,232,337,47,0,39,212,6,0
684,2.182105277713976,0.06315789724651136,-2.572206436352613,-2.51986775075,-0.3060000047087669,232,337,47,0,39,212,6,0
685,2.1310000121593475,0.06000000238418579,-2.5685391830940785,-2.515601858,-0.3095000058412552,232,337,47,0,39,212,6,0
686,2.0473684323461434,0.0,-2.576259036696688,-2.522466513,-0.314500005543232,232,337,47,0,39,212,6,0
687,1.9995000123977662,0.0,-2.561412201699672,-2.50702103925,-0.3180000051856041,232,337,47,0,39,212,6,0
688,1.940000007027074,0.0,-2.5718916170804516,-2.5170728555,-0.32050000578165055,232,337,47,0,39,212,6,0
689,1.8930000066757202,0.0,-2.547496998249691,-2.4925071972499997,-0.32150000482797625,232,337,47,0,39,212,6,0
690,1.834736849132337,0.0,-2.5507936191019955,-2.49554725875,-0.32300000488758085,232,337,47,0,39,212,6,0
691,1.7885000079870224,0.0,-2.543511604734129,-2.48809420475,-0.3240000054240227,232,337,47,0,39,212,6,0
692,1.7400000063996566,0.0,-2.5021640281664346,-2.4466611085,-0.3245000049471855,232,337,47,0,39,212,6,0
693,1.6930000066757203,0.0,-2.5023715541928326,-2.44661207525,-0.32600000500679016,232,337,47,0,39,212,6,0
694,1.6452631699411493,0.0,-2.5109637659310136,-2.45494772775,-0.3275000050663948,232,337,47,0,39,212,6,0
695,1.5985000103712081,0.0,-2.5061824472367715,-2.4499953695,-0.3285000056028366,232,337,47,0,39,212,6,0
696,1.5505263272084688,0.0,-2.4827445537367714,-2.4265574759999997,-0.3285000056028366,232,337,47,0,39,212,6,0
697,1.5060000121593475,0.0,-2.4671519802367716,-2.4109649025,-0.3285000056028366,232,337,47,0,39,212,6,0
698,1.4578947456259477,0.0,-2.4570511307367715,-2.400864053,-0.3285000056028366,232,337,47,0,39,212,6,0
699,1.4100000083446502,0.0,-2.4443024857367717,-2.388115408,-0.3285000056028366,232,337,47,0,39,212,6,0
700,1.362105275455274,0.0,-2.44174021013567,-2.3854676125,-0.32900000661611556,232,337,47,0,39,212,6,0
701,1.316000011563301,0.0,-2.426380256280283,-2.37002213875,-0.3295000076293945,232,337,47,0,39,212,6,0
702,1.268947378585213,0.0,-2.419245341551758,-2.3627161845,-0.33050000816583636,232,337,47,0,39,212,6,0
703,1.2225000098347665,0.0,-2.405993817433476,-2.3493791405,-0.3310000091791153,232,337,47,0,39,212,6,0
704,1.1747368464344425,0.0,-2.4028066561834756,-2.34619197925,-0.3310000091791153,232,337,47,0,39,212,6,0
705,1.1290000036358834,0.0,-2.3728347935560135,-2.316134597,-0.33150000870227814,232,337,47,0,39,212,6,0
706,1.0836842138516276,0.0,-2.350880444433476,-2.2942657674999998,-0.3310000091791153,232,337,47,0,39,212,6,0
707,1.0375000029802321,0.0,-2.3451070678066266,-2.2885779105,-0.33050000965595244,232,337,47,0,39,212,6,0
708,0.9889473695504037,0.0,-2.3104895933066265,-2.253960436,-0.33050000965595244,232,337,47,0,39,212,6,0
709,0.9470000013709068,0.0,-2.2912069794383445,-2.23459230225,-0.3310000106692314,232,337,47,0,39,212,6,0
710,0.901578951823084,0.0,-2.2190060956754727,-2.162562458,-0.3300000101327896,232,337,47,0,39,212,6,0
711,0.8630000039935112,0.0,-2.124213430501378,-2.068026352,-0.32850001007318497,232,337,47,0,39,212,6,0
712,0.8178947395399997,0.0,-2.0659995697887723,-2.0100690505,-0.3270000100135803,232,337,47,0,39,212,6,0
713,0.7810000024735928,0.0,-1.9617925205378333,-1.9061185605,-0.32550000995397566,232,337,47,0,39,212,6,0
714,0.736315792328433,0.0,-1.8606255327487355,-1.805208132,-0.32400000989437105,232,337,47,0,39,212,6,0
715,2.529500013589859,5.570000088214874,-2.168866016096174,-2.16604381875,-0.016499999910593033,232,337,47,0,39,212,6,0
716,2.454210538613169,4.263158007671959,-2.1723701711094106,-2.169034847,-0.019499999843537806,232,337,47,0,39,212,6,0
717,2.4025000095367433,4.05000010728836,-2.1778470532526106,-2.173742039,-0.023999999836087228,232,337,47,0,39,212,6,0
718,2.3226315849705745,3.0684211254119873,-2.186278475749448,-2.1814892925,-0.027999999839812516,232,337,47,0,39,212,6,0
719,2.273500007390976,2.9150000691413878,-2.192822692219993,-2.18752038225,-0.030999999772757292,232,337,47,0,39,212,6,0
720,2.188947370177821,1.873684243152016,-2.1960337959729435,-2.19056044375,-0.03199999984353781,232,337,47,0,39,212,6,0
721,2.1415000021457673,1.7800000309944153,-2.193606075974227,-2.1879616815,-0.032999999914318325,232,337,47,0,39,212,6,0
722,2.054210531084161,0.6789473608920449,-2.177828766574017,-2.17192780875,-0.03449999988079071,232,337,47,0,39,212,6,0
723,2.009500002861023,0.6449999928474426,-2.1862727343900916,-2.17977312875,-0.037999999895691874,232,337,47,0,39,212,6,0
724,1.926315797002692,0.11578947619387978,-2.186920415431912,-2.179822162,-0.041499999910593034,232,337,47,0,39,212,6,0
725,1.8850000083446503,0.1100000023841858,-2.1970201166294587,-2.1895797787499998,-0.043499999959021804,232,337,47,0,39,212,6,0
726,1.8184210563960828,0.0,-2.1843205048794587,-2.1768801669999998,-0.043499999959021804,232,337,47,0,39,212,6,0
727,1.7780000030994416,0.0,-2.1848598706294586,-2.1774195327499997,-0.043499999959021804,232,337,47,0,39,212,6,0
728,1.73947368797503,0.0,-2.171669926379459,-2.1642295885,-0.043499999959021804,232,337,47,0,39,212,6,0
729,1.6985000044107437,0.0,-2.166349244591894,-2.1587378645,-0.044499999936670066,232,337,47,0,39,212,6,0
730,1.6552631635414927,0.0,-2.1724533100520103,-2.16467088775,-0.04549999991431832,232,337,47,0,39,212,6,0
731,1.6135000050067902,0.0,-2.165478043156183,-2.15761009975,-0.04599999990314245,232,337,47,0,39,212,6,0
732,1.5731578939839412,0.0,-2.165968375656183,-2.15810043225,-0.04599999990314245,232,337,47,0,39,212,6,0
733,1.5319999992847442,0.0,-2.164987710656183,-2.1571197672499998,-0.04599999990314245,232,337,47,0,39,212,6,0
734,1.4915789491251896,0.0,-2.136205192906183,-2.1283372495,-0.04599999990314245,232,337,47,0,39,212,6,0
735,1.4510000020265579,0.0,-2.1274282411561827,-2.1195602977499997,-0.04599999990314245,232,337,47,0,39,212,6,0
736,1.410526316416891,0.0,-2.108501406656183,-2.10063346325,-0.04599999990314245,232,337,47,0,39,212,6,0
737,1.3689999997615814,0.0,-2.089292918036081,-2.08151049575,-0.04549999982118606,232,337,47,0,39,212,6,0
738,1.32736841628426,0.0,-2.0771817052860806,-2.0693992829999996,-0.04549999982118606,232,337,47,0,39,212,6,0
739,1.2864999949932099,0.0,-2.072438025447245,-2.06474112425,-0.044999999925494194,232,337,47,0,39,212,6,0
740,1.2447368408504285,0.0,-2.047737812825964,-2.0401264327499997,-0.04449999984353781,232,337,47,0,39,212,6,0
741,1.2049999982118607,0.0,-2.030931953454104,-2.0234060945,-0.04399999976158142,232,337,47,0,39,212,6,0
742,1.1642105234296698,0.0,-2.021259857825964,-2.01364847775,-0.04449999984353781,232,337,47,0,39,212,6,0
743,1.1254999965429306,0.0,-1.9980671305759643,-1.9904557504999998,-0.04449999984353781,232,337,47,0,39,212,6,0
744,1.085789470296157,0.0,-1.9812487258259643,-1.9736373457499998,-0.04449999984353781,232,337,47,0,39,212,6,0
745,1.0474999964237213,0.0,-1.9656561523259644,-1.9580447722499998,-0.04449999984353781,232,337,47,0,39,212,6,0
746,1.0057894681629382,0.0,-1.9533488065759643,-1.9457374264999998,-0.04449999984353781,232,337,47,0,39,212,6,0
747,0.9669999949634075,0.0,-1.932718353704104,-1.9251924947499999,-0.04399999976158142,232,337,47,0,39,212,6,0
748,0.9273684142451537,0.0,-1.923009770204104,-1.91548391125,-0.04399999976158142,232,337,47,0,39,212,6,0
749,0.8869999933987855,0.0,-1.8977451010759643,-1.8901337209999998,-0.04449999984353781,232,337,47,0,39,212,6,0
750,0.8457894689942661,0.0,-1.8856703761972453,-1.877973475,-0.044999999925494194,232,337,47,0,39,212,6,0
751,0.8054999954998493,0.0,-1.86658389656794,-1.8588014742499999,-0.04550000000745058,232,337,47,0,39,212,6,0
752,0.7663157872463527,0.0,-1.792813946091894,-1.785202566,-0.044499999936670066,232,337,47,0,39,212,6,0
753,0.7384999975562095,0.0,-1.712694763898828,-1.7054254682499999,-0.04249999988824129,232,337,47,0,39,212,6,0
754,0.6994736806342476,0.0,-1.64021222332264,-1.6331994909999998,-0.040999999921768907,232,337,47,0,39,212,6,0
755,0.6649999965913593,0.0,-1.5635983443525006,-1.55675665425,-0.039999999944120644,232,337,47,0,39,212,6,0
756,4.199000000953674,21.169999825954438,-1.6215235048279009,-1.6525676247499999,-0.18150000255554916,232,337,47,0,39,212,6,0
757,4.161052628567345,20.347368278001483,-1.7145510812537923,-1.7490160275,-0.2015000032261014,232,337,47,0,39,212,6,0
758,4.0875,19.32999986410141,-1.820106081949284,-1.85782080925,-0.2205000034533441,232,337,47,0,39,212,6,0
759,4.045263164921811,18.410526212893036,-1.915486111896594,-1.9562795752499997,-0.23850000323727727,232,337,47,0,39,212,6,0
760,3.973000001907349,17.489999902248382,-2.0250002681769232,-2.06895798375,-0.2570000025443733,232,337,47,0,39,212,6,0
761,3.9263157844543457,16.484210503728765,-2.1289132443778827,-2.176291768,-0.27700000181794165,232,337,47,0,39,212,6,0
762,3.8534999966621397,15.659999978542327,-2.24727848850652,-2.2979922944999998,-0.2965000015683472,232,337,47,0,39,212,6,0
763,3.8021052636598287,14.557894794564499,-2.363399602190484,-2.4171921252499997,-0.3145000018179417,232,337,47,0,39,212,6,0
764,3.7304999947547914,13.830000054836272,-2.4646750392771497,-2.521289715,-0.33100000210106373,232,337,47,0,39,212,6,0
765,3.6731578801807605,12.63157908540023,-2.571698763770808,-2.63087902875,-0.34600000232458117,232,337,47,0,39,212,6,0
766,3.6014999866485597,12.000000131130218,-2.6421288308997144,-2.703105006,-0.35650000274181365,232,337,47,0,39,212,6,0
767,3.539473659113834,10.715789531406603,-2.6892281549049684,-2.7510595245,-0.36150000244379044,232,337,47,0,39,212,6,0
768,3.468999981880188,10.180000054836274,-2.7287991425346556,-2.79097259,-0.36350000351667405,232,337,47,0,39,212,6,0
769,3.403684189445094,8.799999977412977,-2.7848213633762273,-2.8475079272499997,-0.3665000036358833,232,337,47,0,39,212,6,0
770,3.3329999804496766,8.359999978542328,-2.8416646024154697,-2.90477876325,-0.3690000042319298,232,337,47,0,39,212,6,0
771,3.2594736626273706,6.889473701778211,-2.895822404613792,-2.9591076042499997,-0.3700000047683716,232,337,47,0,39,212,6,0
772,3.1919999778270722,6.5450000166893005,-2.9383091381654696,-3.001423299,-0.3690000042319298,232,337,47,0,39,212,6,0
773,3.1126315656461214,4.978947426143446,-2.9817765367363727,-3.04471965875,-0.36800000369548796,232,337,47,0,39,212,6,0
774,3.044499987363815,4.730000054836273,-3.0191022318762273,-3.0817887957499996,-0.3665000036358833,232,337,47,0,39,212,6,0
775,2.96157894009038,3.06842115050868,-3.0577027915590467,-3.1201327972499997,-0.3650000035762787,232,337,47,0,39,212,6,0
776,2.89449999332428,2.915000092983246,-3.078958127956332,-3.14121709475,-0.3640000030398369,232,337,47,0,39,212,6,0
777,2.805263142836721,1.926315847196077,-3.110179761289523,-3.1723532084999997,-0.3635000020265579,232,337,47,0,39,212,6,0
778,2.7384999871253966,1.8300000548362731,-3.1333348473077445,-3.19525173625,-0.36200000196695326,232,337,47,0,39,212,6,0
779,2.643684198981837,0.7842105438834742,-3.1438632938457536,-3.20535258575,-0.35950000286102296,232,337,47,0,39,212,6,0
780,2.5819999873638153,0.7450000166893005,-3.1430525126448465,-3.2040286879999997,-0.3565000042319298,232,337,47,0,39,212,6,0
781,2.482631576688666,0.06842105012190969,-3.1536664788611093,-3.2141295375,-0.3535000056028366,232,337,47,0,39,212,6,0
782,2.4219999969005586,0.06499999761581421,-3.1492888177938236,-3.2093242789999996,-0.35100000649690627,232,337,47,0,39,212,6,0
783,2.3357894734332434,0.0,-3.1474118528457047,-3.2070197162499996,-0.34850000590085983,232,337,47,0,39,212,6,0
784,2.276999998092651,0.0,-3.1756538502660376,-3.2349196355,-0.34650000631809236,232,337,47,0,39,212,6,0
785,2.212631576939633,0.0,-3.1478998762585837,-3.20682358325,-0.3445000067353249,232,337,47,0,39,212,6,0
786,2.153999996185303,0.0,-3.154848896603833,-3.2133450055,-0.3420000061392784,232,337,47,0,39,212,6,0
787,2.100526307758532,0.0,-3.1406155530604503,-3.1986840637499996,-0.33950000554323195,232,337,47,0,39,212,6,0
788,2.0379999935626985,0.0,-3.14845971905733,-3.206186151,-0.33750000447034834,232,337,47,0,39,212,6,0
789,1.9831578919762058,0.0,-3.142623608119679,-3.2000079615,-0.33550000488758086,232,337,47,0,39,212,6,0
790,1.9234999984502792,0.0,-3.1330484236120446,-3.1900051785,-0.3330000042915344,232,337,47,0,39,212,6,0
791,1.8678947342069525,0.0,-3.110786174335998,-3.1674008502499995,-0.3310000032186508,232,337,47,0,39,212,6,0
792,1.807499998807907,0.0,-3.09423687559887,-3.1506805119999997,-0.330000002682209,232,337,47,0,39,212,6,0
793,1.749473678438287,0.0,-3.0813890101712738,-3.1374905677499996,-0.32800000309944155,232,337,47,0,39,212,6,0
794,1.6894999951124192,0.0,-3.0600344529855708,-3.115964971,-0.3270000025629997,232,337,47,0,39,212,6,0
795,1.629999998368715,0.0,-3.0332987848966773,-3.08914378325,-0.3265000030398369,232,337,47,0,39,212,6,0
796,1.5699999988079072,0.0,-3.01969148123651,-3.0753654399999997,-0.32550000250339506,232,337,47,0,39,212,6,0
797,1.5110526273125096,0.0,-2.997735978275608,-3.0531533777499997,-0.32400000244379046,232,337,47,0,39,212,6,0
798,1.4499999955296516,0.0,-2.9662680248526883,-3.021428865,-0.3225000023841858,232,337,47,0,39,212,6,0
799,1.389473684524235,0.0,-2.937999779510046,-2.9929895799999997,-0.32150000184774397,232,337,47,0,39,212,6,0
800,1.3320000000298022,0.0,-2.9335616936841546,-2.9883804544999997,-0.3205000013113022,232,337,47,0,39,212,6,0
801,1.272105261683464,0.0,-2.9030014324049085,-2.9577346732499996,-0.3200000002980232,232,337,47,0,39,212,6,0
802,1.2099999985657632,0.0,-2.8695972426298306,-2.9242449634999996,-0.31949999928474426,232,337,47,0,39,212,6,0
803,1.1489473729345359,0.0,-2.835052741082416,-2.8895294225,-0.31850000023841857,232,337,47,0,39,212,6,0
804,1.0950000043027104,0.0,-2.7171756547970554,-2.7713102567499996,-0.31649999916553495,232,337,47,0,39,212,6,0
805,1.034736846132498,0.0,-2.5834357353626936,-2.63705721825,-0.3134999990463257,232,337,47,0,39,212,6,0
806,4.964210472608867,0.0,-3.307013269692096,-3.3041055512499997,0.016999999713152646,232,337,47,0,39,212,6,0
807,4.898999953269959,0.0,-3.3103429377657725,-3.3060668812499996,0.024999999906867743,232,337,47,0,39,212,6,0
808,4.830526276638634,0.0,-3.2991462183253324,-3.29341630275,0.03349999981001019,232,337,47,0,39,212,6,0
809,4.766499960422516,0.0,-3.290927981601039,-3.283658686,0.04249999960884452,232,337,47,0,39,212,6,0
810,4.695263122257433,0.0,-3.2856517397292424,-3.27684306425,0.05149999959394336,232,337,47,0,39,212,6,0
811,4.631999969482422,0.0,-3.29490188500816,-3.284639351,0.0599999993108213,232,337,47,0,39,212,6,0
812,4.57263153477719,0.0,-3.278496243362206,-3.2670364142499997,0.0669999991543591,232,337,47,0,39,212,6,0
813,4.507999956607819,0.0,-3.2828077239230655,-3.270321642,0.07299999902024865,232,337,47,0,39,212,6,0
814,4.447368383407593,0.0,-3.294915491176647,-3.2814031564999997,0.0789999993517995,232,337,47,0,39,212,6,0
815,4.384999966621399,0.0,-3.2749429672391734,-3.260318859,0.08549999920651316,232,337,47,0,39,212,6,0
816,4.32263153477719,0.0,-3.275895095384073,-3.26007369275,0.09249999905005098,232,337,47,0,39,212,6,0
817,4.256999957561493,0.0,-3.2546841943724663,-3.2376654974999997,0.09949999935925007,232,337,47,0,39,212,6,0
818,4.1942104916823535,0.0,-3.253822091856834,-3.2356061009999997,0.10649999966844917,232,337,47,0,39,212,6,0
819,4.12999997138977,0.0,-3.253733124373982,-3.2345764027499997,0.1119999997317791,232,337,47,0,39,212,6,0
820,4.066315751326711,0.0,-3.2560593315441007,-3.23604740025,0.11699999999254942,232,337,47,0,39,212,6,0
821,4.00299996137619,0.0,-3.2481375892799607,-3.2272704484999997,0.12200000006705522,232,337,47,0,39,212,6,0
822,3.939473641546149,0.0,-3.245339246914424,-3.2234458549999996,0.12799999993294478,232,337,47,0,39,212,6,0
823,3.875999963283539,0.0,-3.2441464559714044,-3.22114129225,0.1344999998807907,232,337,47,0,39,212,6,0
824,3.810526283163773,0.0,-3.229825299342985,-3.205793885,0.14049999974668026,232,337,47,0,39,212,6,0
825,3.7489999651908876,0.0,-3.2186057828641306,-3.1936336389999997,0.14599999971687794,232,337,47,0,39,212,6,0
826,3.683684185931557,0.0,-3.2070430334051663,-3.18113016025,0.15149999968707561,232,337,47,0,39,212,6,0
827,3.620999979972839,0.0,-3.203387182598245,-3.17661910125,0.1564999993890524,232,337,47,0,39,212,6,0
828,3.555263142836721,0.0,-3.2013870660007275,-3.1740203389999997,0.15999999940395354,232,337,47,0,39,212,6,0
829,3.493999981880188,0.0,-3.1948268571148075,-3.1668614845,0.16349999979138374,232,337,47,0,39,212,6,0
830,3.4305263067546643,0.0,-3.180041607807492,-3.1515631104999997,0.16649999991059303,232,337,47,0,39,212,6,0
831,3.368499994277954,0.0,-3.167205142725993,-3.138128,0.17000000029802323,232,337,47,0,39,212,6,0
832,3.3047368400975277,0.0,-3.158867190758265,-3.1291058819999997,0.1740000005811453,232,337,47,0,39,212,6,0
833,3.24449999332428,0.0,-3.1535202668954847,-3.1230747922499997,0.17800000086426734,232,337,47,0,39,212,6,0
834,3.178947373440391,0.0,-3.138711075438081,-3.1079235179999998,0.18000000044703485,232,337,47,0,39,212,6,0
835,3.1185000061988832,0.0,-3.1415173665716503,-3.110473247,0.18150000050663948,232,337,47,0,39,212,6,0
836,3.0589473749461926,0.0,-3.13425929567576,-3.10287309325,0.18350000083446502,232,337,47,0,39,212,6,0
837,3.0000000059604646,0.0,-3.124083171193934,-3.0921838447499996,0.18650000020861626,232,337,47,0,39,212,6,0
838,2.9357894910009286,0.0,-3.1044310835848914,-3.0719331125,0.1899999998509884,232,337,47,0,39,212,6,0
839,2.8745000183582308,0.0,-3.0948182662948356,-3.0616361299999997,0.19399999976158142,232,337,47,0,39,212,6,0
840,2.811578957658065,0.0,-3.079775303923197,-3.0459945232499996,0.19749999940395355,232,337,47,0,39,212,6,0
841,2.7505000114440916,0.0,-3.067564874332255,-3.03344201125,0.19949999898672105,232,337,47,0,39,212,6,0
842,2.6878947458769145,0.0,-3.064352621271218,-3.0300587169999997,0.2004999987781048,232,337,47,0,39,212,6,0
843,2.6285000085830688,0.0,-3.0520327296755037,-3.01765330475,0.20099999904632568,232,337,47,0,39,212,6,0
844,2.567894747382716,0.0,-3.041220322848777,-3.00666985675,0.20199999883770942,232,337,47,0,39,212,6,0
845,2.508000010251999,0.0,-3.029365671902656,-2.994558644,0.20349999889731407,232,337,47,0,39,212,6,0
846,2.4473684273268046,0.0,-3.0201953038131655,-2.9850461934999997,0.20549999922513962,232,337,47,0,39,212,6,0
847,2.38850000500679,0.0,-3.0065138766808475,-2.971022684,0.20749999955296516,232,337,47,0,39,212,6,0
848,2.327368428832606,0.0,-3.0039629972552846,-2.96812972225,0.2094999998807907,232,337,47,0,39,212,6,0
849,2.26800000667572,0.0,-2.987155987938123,-2.95106615125,0.21099999994039537,232,337,47,0,39,212,6,0
850,2.2068421087766947,0.0,-2.9637910690038054,-2.92753019125,0.2119999997317791,232,337,47,0,39,212,6,0
851,2.1485000014305116,0.0,-2.9729716821453205,-2.93645424275,0.21349999979138373,232,337,47,0,39,212,6,0
852,2.088947371432656,0.0,-2.9462599562618066,-2.90948595525,0.2149999998509884,232,337,47,0,39,212,6,0
853,2.0320000022649767,0.0,-2.920957648542927,-2.8838415655,0.21699999943375586,232,337,47,0,39,212,6,0
854,1.9705263156639903,0.0,-2.913380285382116,-2.8757510792499996,0.21999999955296518,232,337,47,0,39,212,6,0
855,1.9139999985694884,0.0,-2.882463095118143,-2.844320766,0.22299999967217446,232,337,47,0,39,212,6,0
856,1.8563157884698165,0.0,-2.8498422869842006,-2.8112723555,0.22549999952316285,232,337,47,0,39,212,6,0
857,1.7995000004768371,0.0,-2.842914901776826,-2.8039173679999996,0.22799999937415122,232,337,47,0,39,212,6,0
858,1.7410526275634766,0.0,-2.826254991892303,-2.78700089675,0.22949999943375587,232,337,47,0,39,212,6,0
859,1.6864999949932098,0.0,-2.7909008675860996,-2.7513046907499996,0.23149999901652335,232,337,47,0,39,212,6,0
860,1.6278947340814691,0.0,-2.7730516134816505,-2.733113355,0.23349999859929085,232,337,47,0,39,212,6,0
861,1.5734999984502793,0.0,-2.7592105397838242,-2.71884467925,0.23599999845027925,232,337,47,0,39,212,6,0
862,1.5157894680374546,0.0,-2.7262464985091466,-2.6854530359999997,0.2384999983012676,232,337,47,0,39,212,6,0
863,1.4619999945163726,0.0,-2.7000855327004833,-2.6587789479999997,0.24149999767541885,232,337,47,0,39,212,6,0
864,1.4031578929800737,0.0,-2.6804095020038687,-2.6386753155,0.24399999752640725,232,337,47,0,39,212,6,0
865,1.3484999984502792,0.0,-2.649174170338433,-2.6070979024999996,0.24599999710917472,232,337,47,0,39,212,6,0
866,1.291578942223599,0.0,-2.6171178194920173,-2.57478499075,0.2474999964237213,232,337,47,0,39,212,6,0
867,1.239499995112419,0.0,-2.5902589931165863,-2.5476696034999997,0.2489999957382679,232,337,47,0,39,212,6,0
868,1.1821052620285435,0.0,-2.552453205949633,-2.509521735,0.25099999606609347,232,337,47,0,39,212,6,0
869,1.1309999987483024,0.0,-2.5483948407558183,-2.5052068089999997,0.25249999538064005,232,337,47,0,39,212,6,0
870,1.0752631535655575,0.0,-2.4956339121196125,-2.4521037992499997,0.2544999949634075,232,337,47,0,39,212,6,0
871,1.0234999958425761,0.0,-2.4095303735578026,-2.3656581795,0.2564999952912331,232,337,47,0,39,212,6,0
872,0.9668421059062606,0.0,-2.3483231796222404,-2.3040233842499998,0.25899999514222144,232,337,47,0,39,212,6,0
873,0.9205000005662441,0.0,-2.2085647191023376,-2.1638373225,0.26149999499320986,232,337,47,0,39,212,6,0
